Identifier,Company Name,Country of Exchange,"Debt to Equity Ratio (DER)
In the last 5 FY",,,,
,,,2024,2023,2022,2021,2020
,,,,,,,
ROTI.JK,Nippon Indosari Corpindo Tbk PT,Indonesia, 0.27 , 0.27 , 0.20 , 0.19 , 0.16 
GOLD.JK,Visi Telekomunikasi Infrastruktur Tbk PT,Indonesia, -   , 0.01 , 0.01 , 0.01 , 0.00 
SKYB.JK,Northcliff Citranusa Indonesia Tbk PT,Indonesia,,, 0.01 ,, 0.06 
BJBR.JK,Bank Pembangunan Daerah Jawa Barat Dan Banten Tbk PT,Indonesia, 1.99 , 1.92 , 1.80 , 1.39 , 1.42 
IPOL.JK,PT Indopoly Swakarsa Industry Tbk,Indonesia, 0.89 , 0.45 , 0.40 , 0.42 , 0.40 
BUVA.JK,Bukit Uluwatu Villa Tbk PT,Indonesia, 0.37 , 0.65 ,, 30.97 , 2.63 
ICBP.JK,Indofood CBP Sukses Makmur Tbk PT,Indonesia, 0.68 , 0.71 , 0.80 , 0.76 , 0.63 
HRUM.JK,Harum Energy Tbk PT,Indonesia, 0.17 , 0.12 , 0.00 , 0.15 , 0.01 
TBIG.JK,Tower Bersama Infrastructure Tbk PT,Indonesia, 3.03 , 2.39 , 2.69 , 3.01 , 2.61 
KRAS.JK,Krakatau Steel (Persero) Tbk PT,Indonesia, 3.56 , 3.07 , 3.30 , 4.14 , 5.39 
APLN.JK,Agung Podomoro Land Tbk PT,Indonesia, 0.41 , 0.56 , 0.68 , 0.96 , 0.88 
MIDI.JK,Midi Utama Indonesia Tbk PT,Indonesia, 0.15 , 0.16 , 1.00 , 1.33 , 1.63 
WINS.JK,Wintermar Offshore Marine Tbk PT,Indonesia, 0.13 , 0.09 , 0.11 , 0.17 , 0.33 
BRMS.JK,Bumi Resources Minerals Tbk PT,Indonesia, 0.10 , 0.07 , 0.07 , 0.05 , 0.06 
BUKK.JK,Bukaka Teknik Utama Tbk PT,Indonesia, 0.53 , 0.56 , 0.34 , 0.20 , 0.30 
BSIM.JK,Bank Sinarmas Tbk PT,Indonesia, 0.18 , 0.21 , 0.08 , 0.01 , 0.18 
MFMI.JK,Multifiling Mitra Indonesia Tbk PT,Indonesia, 2.40 , 1.43 , 1.63 , 1.81 , 1.54 
EMDE.JK,Megapolitan Developments Tbk PT,Indonesia, 0.23 , 0.71 , 0.60 , 0.58 , 1.79 
MBTO.JK,Martina Berto Tbk PT,Indonesia, 0.47 , 0.46 , 0.40 , 0.32 , 0.33 
GIAA.JK,Garuda Indonesia (Persero) Tbk PT,Indonesia,,,,,
MBSS.JK,Mitrabahtera Segara Sejati Tbk PT,Indonesia, 0.10 , 0.14 , 0.06 , -   , 0.16 
SRAJ.JK,Sejahteraraya Anugrahjaya Tbk PT,Indonesia, 0.91 , 0.89 , 0.91 , 0.44 , 0.61 
HDFA.JK,Radana Bhaskara Finance Tbk PT,Indonesia, 4.47 , 2.93 , 1.52 , 0.88 , 0.39 
BULL.JK,Buana Lintas Lautan Tbk PT,Indonesia, 0.85 , 1.07 , 1.57 , 3.70 , 1.23 
JAWA.JK,Jaya Agra Wattie Tbk PT,Indonesia, 1.58 , 2.43 , 26.91 , 13.74 , 12.11 
SIMP.JK,Salim Ivomas Pratama Tbk PT,Indonesia, 0.36 , 0.41 , 0.48 , 0.57 , 0.66 
MTLA.JK,Metropolitan Land Tbk PT,Indonesia, 0.17 , 0.18 , 0.19 , 0.21 , 0.27 
PTIS.JK,Indo Straits Tbk PT,Indonesia,, -   , 0.27 , 0.33 , 0.39 
SDMU.JK,Sidomulyo Selaras Tbk PT,Indonesia, 2.56 , 0.74 , 38.20 ,, 19.57 
TIFA.JK,KDB Tifa Finance Tbk PT,Indonesia, 0.66 , 0.51 , 0.40 , 0.29 , 1.64 
ALDO.JK,Alkindo Naratama Tbk PT,Indonesia, 0.57 , 0.71 , 0.68 , 0.32 , 0.21 
STAR.JK,Buana Artha Anugerah Tbk PT,Indonesia, 0.00 , 0.00 , 0.00 , 0.00 , 0.00 
SMRU.JK,SMR Utama Tbk PT,Indonesia, 28.29 , 4.94 , 2.94 , 2.83 , 1.37 
SUPR.JK,Solusi Tunas Pratama Tbk PT,Indonesia, 0.28 , 0.45 , 0.78 , 2.18 , 4.12 
ARII.JK,Atlas Resources Tbk PT,Indonesia, 1.31 , 1.37 , 1.43 , 2.69 , 3.57 
GEMS.JK,Golden Energy Mines Tbk PT,Indonesia, 0.43 , 0.38 , 0.24 , 0.36 , 0.43 
VIVA.JK,Visi Media Asia Tbk PT,Indonesia,,,,, 15.96 
ABMM.JK,ABM Investama Tbk PT,Indonesia, 1.15 , 1.37 , 1.52 , 1.09 , 2.67 
CASS.JK,Cahaya Aero Services Tbk PT,Indonesia, 0.08 , 0.08 , 0.13 , 0.29 , 0.65 
ERAA.JK,PT Erajaya Swasembada Tbk,Indonesia, 0.72 , 0.81 , 0.67 , 0.34 , 0.40 
BAJA.JK,Saranacentral Bajatama Tbk PT,Indonesia, 7.43 , 3.34 , 3.84 , 1.49 , 0.96 
GWSA.JK,Greenwood Sejahtera Tbk PT,Indonesia, 0.05 , 0.08 , 0.08 , 0.05 , 0.05 
TELE.JK,Omni Inovasi Indonesia Tbk PT,Indonesia,,,,,
PADI.JK,Minna Padi Investama Sekuritas Tbk PT,Indonesia, 0.08 , 0.06 , 0.06 , 0.05 , 0.05 
ESSA.JK,ESSA Industries Indonesia Tbk PT,Indonesia, 0.17 , 0.32 , 0.51 , 1.57 , 1.44 
BEST.JK,Bekasi Fajar Industrial Estate Tbk PT,Indonesia, 0.29 , 0.33 , 0.38 , 0.38 , 0.41 
RANC.JK,Supra Boga Lestari Tbk PT,Indonesia, 1.15 , 1.47 , 1.00 , 0.90 , 0.45 
TRIS.JK,Trisula International Tbk PT,Indonesia, 0.34 , 0.33 , 0.35 , 0.36 , 0.51 
KOBX.JK,Kobexindo Tractors Tbk PT,Indonesia, 4.64 , 2.72 , 0.70 , 0.78 , 2.66 
MSKY.JK,MNC Sky Vision Tbk PT,Indonesia, 0.09 , 0.10 , 0.12 , 0.16 , 0.22 
TOBA.JK,TBS Energi Utama Tbk PT,Indonesia, 0.78 , 0.95 , 0.87 , 1.10 , 1.34 
ALTO.JK,Tri Banyan Tirta Tbk PT,Indonesia, 0.36 , 0.32 , 0.34 , 0.40 , 0.33 
GLOB.JK,Globe Kita Terang Tbk PT,Indonesia,,,,,
BJTM.JK,Bank Pembangunan Daerah Jawa Timur Tbk PT,Indonesia, 0.72 , 0.70 , 0.40 , 0.06 , 0.06 
GAMA.JK,Aksara Global Development Tbk PT,Indonesia, 0.12 , 0.12 , 0.20 , 0.20 , 0.24 
IBST.JK,Inti Bangun Sejahtera Tbk PT,Indonesia, 0.90 , 0.81 , 0.80 , 0.38 , 0.59 
NIRO.JK,City Retail Developments Tbk PT,Indonesia, 1.39 , 1.02 , 0.94 , 0.70 , 0.50 
SKBM.JK,Sekar Bumi Tbk PT,Indonesia, 0.56 , 0.52 , 0.57 , 0.64 , 0.52 
PALM.JK,Provident Investasi Bersama Tbk PT,Indonesia, 0.92 , 1.10 ,, -   , 0.01 
NELY.JK,Pelayaran Nelly Dwi Putri Tbk PT,Indonesia, 0.17 , 0.06 , 0.06 , 0.08 , 0.10 
TAXI.JK,Express Transindo Utama Tbk PT,Indonesia, -   ,,, -   ,
XIIT.JK,Premier ETF IDX30,Indonesia,,,,,
BSSR.JK,Baramulti Suksessarana Tbk PT,Indonesia, 0.01 , 0.02 , 0.04 , 0.06 , 0.05 
ASSA.JK,Adi Sarana Armada Tbk PT,Indonesia, 1.47 , 1.52 , 1.64 , 2.03 , 2.08 
WIIM.JK,Wismilak Inti Makmur Tbk PT,Indonesia, 0.22 , 0.02 , 0.01 , 0.01 , 0.02 
WSKT.JK,Waskita Karya (Persero) Tbk PT,Indonesia, 7.11 , 5.60 , 4.54 , 4.39 , 5.69 
SAME.JK,Sarana Meditama Metropolitan Tbk PT,Indonesia, 0.23 , 0.24 , 0.19 , 0.01 , 0.71 
BBRM.JK,Pelayaran Nasional Bina Buana Raya Tbk PT,Indonesia, 0.11 , 0.03 , 0.13 , 0.85 , 1.02 
HOTL.JK,Saraswati Griya Lestari Tbk PT,Indonesia, 0.03 , 0.05 , 2.44 , 2.22 , 0.03 
MAGP.JK,Multi Agro Gemilang Plantation Tbk PT,Indonesia, 4.14 , 3.57 , 1.56 , 1.16 , 0.33 
TPMA.JK,Trans Power Marine Tbk PT,Indonesia, 0.58 , 0.37 , 0.13 , 0.21 , 0.27 
ISSP.JK,Steel Pipe Industry of Indonesia Tbk PT,Indonesia, 0.49 , 0.58 , 0.63 , 0.64 , 0.69 
DYAN.JK,Dyandra Media International Tbk PT,Indonesia, 0.27 , 0.45 , 0.49 , 0.55 , 0.45 
XIIC.JK,Premier ETF Indonesia Consumer,Indonesia,,,,,
XIJI.JK,Premier ETF JII,Indonesia,,,,,
ANJT.JK,Austindo Nusantara Jaya Tbk PT,Indonesia, 0.37 , 0.36 , 0.32 , 0.40 , 0.50 
NOBU.JK,Bank Nationalnobu Tbk PT,Indonesia, 1.22 , 1.35 , 2.29 , 0.98 , 0.90 
MPMX.JK,Mitra Pinasthika Mustika Tbk PT,Indonesia, 0.00 , 0.00 , 0.00 , 0.16 , 0.11 
APEX.JK,Apexindo Pratama Duta Tbk PT,Indonesia, 1.82 , 1.93 , 1.98 , 1.05 , 1.03 
DSNG.JK,Dharma Satya Nusantara Tbk PT,Indonesia, 0.58 , 0.63 , 0.67 , 0.76 , 1.03 
SRIL.JK,Sri Rejeki Isman Tbk PT,Indonesia,,,, 1.56 , 1.44 
ACST.JK,Acset Indonusa Tbk PT,Indonesia,, 0.11 , 0.03 , 0.05 , 3.18 
SRTG.JK,Saratoga Investama Sedaya Tbk PT,Indonesia, 0.06 , 0.02 , 0.03 , 0.07 , 0.10 
SMBR.JK,Semen Baturaja Tbk PT,Indonesia, 0.22 , 0.28 , 0.48 , 0.58 , 0.51 
NRCA.JK,Nusa Raya Cipta Tbk PT,Indonesia, 0.15 , 0.11 , 0.19 , 0.02 , 0.17 
ECII.JK,Electronic City Indonesia Tbk PT,Indonesia, 0.05 , 0.02 , 0.02 , 0.03 , 0.03 
MLPT.JK,Multipolar Technology Tbk PT,Indonesia, 0.51 , 0.51 , 0.13 , 0.07 , 0.19 
BBMD.JK,Bank Mestika Dharma Tbk PT,Indonesia, 0.19 , -   , 0.14 , 0.03 , -   
BMAS.JK,Bank Maspion Indonesia Tbk PT,Indonesia, 0.00 , 0.00 , 0.00 , 0.01 ,
VICO.JK,Victoria Investama Tbk PT,Indonesia, 0.14 , 0.13 , 0.06 , 0.02 , 0.02 
XCID.JK,Dana Investasi Real Estat Ciptadana Properti Ritel Indonesia,Indonesia,,,,,
SILO.JK,Siloam International Hospitals Tbk PT,Indonesia, 0.31 , 0.08 , 0.07 , 0.08 , 0.10 
APII.JK,Arita Prima Indonesia Tbk PT,Indonesia, 0.35 , 0.31 , 0.33 , 0.35 , 0.37 
BIRD.JK,Blue Bird Tbk PT,Indonesia, 0.23 , 0.18 , 0.13 , 0.16 , 0.24 
GMFI.JK,Garuda Maintenance Facility AeroAsia Tbk PT,Indonesia,,,,,
CANI.JK,Capitol Nusantara Indonesia Tbk PT,Indonesia,,,,,
SSMS.JK,Sawit Sumbermas Sarana Tbk PT,Indonesia, 2.45 , 4.11 , 3.50 , 5.20 , 1.30 
WTON.JK,Wijaya Karya Beton Tbk PT,Indonesia, 0.13 , 0.11 , 0.40 , 0.42 , 0.82 
PNBS.JK,Bank Panin Dubai Syariah Tbk PT,Indonesia, 0.14 , 0.50 , 0.18 , 0.00 , 0.00 
LEAD.JK,Logindo Samudramakmur Tbk PT,Indonesia, 1.76 , 3.49 , 3.02 , 2.55 , 2.48 
IMJS.JK,Indomobil Multi Jasa Tbk PT,Indonesia, 5.05 , 4.87 , 4.78 , 5.12 , 5.15 
SIDO.JK,Industri Jamu dan Farmasi Sido Muncul Tbk PT,Indonesia, 0.00 , 0.00 , 0.00 , 0.00 , 0.00 
DNAR.JK,Bank Oke Indonesia Tbk PT,Indonesia, 0.15 , 0.16 , 0.14 , 0.00 , 0.00 
BINA.JK,Bank Ina Perdana Tbk PT,Indonesia, 0.02 , 0.08 , 0.29 , 0.02 , 0.04 
BLTZ.JK,Graha Layar Prima Tbk PT,Indonesia, 3.19 , 3.14 , 3.35 , 3.06 , 1.82 
MDIA.JK,Intermedia Capital Tbk PT,Indonesia, 2.91 , 0.91 , 0.61 , 0.38 , 0.63 
BALI.JK,Bali Towerindo Sentra Tbk PT,Indonesia, 1.18 , 1.04 , 0.99 , 0.98 , 0.94 
ASMI.JK,Asuransi Maximus Graha Persada Tbk PT,Indonesia, 0.01 , 0.01 , 0.02 , 0.02 , 0.01 
TALF.JK,Tunas Alfin Tbk PT,Indonesia, 0.27 , 0.24 , 0.30 , 0.27 , 0.23 
XISI.JK,Premier ETF SMINFRA18,Indonesia,,,,,
LRNA.JK,Eka Sari Lorena Transport Tbk PT,Indonesia, 0.03 , 0.04 , 0.09 , 0.06 , 0.08 
LINK.JK,Link Net Tbk PT,Indonesia, 1.31 , 1.59 , 1.08 , 0.64 , 0.38 
CINT.JK,Chitose Internasional Tbk PT,Indonesia, 0.12 , 0.19 , 0.25 , 0.13 , 0.11 
MIKA.JK,Mitra Keluarga Karyasehat Tbk PT,Indonesia, 0.00 , 0.00 ,,, -   
TARA.JK,Agung Semesta Sejahtera Tbk PT,Indonesia,,,,, -   
MBAP.JK,Mitrabara Adiperdana Tbk PT,Indonesia, 0.03 , 0.00 , -   , 0.02 , 0.09 
MGNA.JK,Magna Investama Mandiri Tbk PT,Indonesia, 2.19 , 1.60 , 1.50 , 1.43 ,
BPII.JK,Batavia Prosperindo Internasional Tbk PT,Indonesia, 0.85 , 0.60 , 0.61 , 0.70 , 0.61 
XISR.JK,Premier ETF SRI-KEHATI,Indonesia,,,,,
XIIF.JK,Premier ETF Indonesia Financial,Indonesia,,,,,
SOCI.JK,Soechi Lines Tbk PT,Indonesia, 0.43 , 0.53 , 0.65 , 0.68 , 0.78 
GOLL.JK,Golden Plantation Tbk PT,Indonesia, 3.44 , 1.78 , 1.68 , 1.37 , 1.25 
AGRS.JK,Bank IBK Indonesia Tbk PT,Indonesia, 0.87 , 0.80 , 1.11 , 1.53 , 1.56 
PPRO.JK,PP Properti Tbk PT,Indonesia, 1.32 , 0.91 , 1.05 , 1.17 , 1.45 
IMPC.JK,Impack Pratama Industri Tbk PT,Indonesia, 0.74 , 0.26 , 0.25 , 0.36 , 0.52 
IBFN.JK,Intan Baru Prana Tbk PT,Indonesia,,,,,
BBYB.JK,PT Bank Neo Commerce Tbk,Indonesia, 0.08 , 0.11 , 0.17 , 0.02 , 0.01 
BRIS.JK,Pt Bank Syariah Indonesia Tbk,Indonesia, 0.03 , 0.02 , 0.03 , 0.01 , 0.01 
DMAS.JK,Puradelta Lestari Tbk PT,Indonesia, 0.07 , 0.00 , -   , 0.00 , 0.00 
MDKA.JK,Merdeka Copper Gold Tbk PT,Indonesia, 0.59 , 0.57 , 0.70 , 0.48 , 0.48 
MMLP.JK,Mega Manunggal Property Tbk PT,Indonesia, 0.32 , 0.31 , 0.19 , 0.13 , 0.12 
ATIC.JK,Anabatic Technologies Tbk PT,Indonesia, 2.37 , 5.74 , 8.42 , 21.31 , 6.49 
BOLT.JK,Garuda Metalindo Tbk PT,Indonesia, 0.35 , 0.30 , 0.40 , 0.36 , 0.32 
BIKA.JK,Binakarya Jaya Abadi Tbk PT,Indonesia,,,,, 1.98 
BBHI.JK,Allo Bank Indonesia Tbk PT,Indonesia, 0.04 , 0.09 , 0.01 , 0.74 , 2.06 
VINS.JK,Victoria Insurance Tbk PT,Indonesia, 0.02 , 0.02 , 0.01 , 0.00 , 0.01 
XISC.JK,Premier ETF Indonesia State-Owned Companies,Indonesia,,,,,
MKNT.JK,Mitra Komunikasi Nusantara Tbk PT,Indonesia,, -   ,, 15.83 , 8.47 
MARI.JK,Mahaka Radio Integra Tbk PT,Indonesia,, 5.57 , 2.23 , 0.17 , 0.37 
DPUM.JK,Dua Putra Utama Makmur Tbk PT,Indonesia, 1.54 , 1.39 , 1.05 , 1.11 , 0.99 
IDPR.JK,Indonesia Pondasi Raya Tbk PT,Indonesia, 0.68 , 0.82 , 0.85 , 0.74 , 0.60 
AMIN.JK,Ateliers Mecaniques D'Indonesie Tbk PT,Indonesia, 0.16 , 0.33 , 0.28 , 0.39 , 0.71 
KINO.JK,Kino Indonesia Tbk PT,Indonesia, 1.08 , 1.16 , 1.51 , 0.72 , 0.72 
ARTO.JK,Bank Jago Tbk PT,Indonesia, 0.05 , 0.02 , 0.01 , 0.01 , 0.06 
MTRA.JK,Mitra Pemuda Tbk PT,Indonesia,, 10.84 , 1.01 , 0.94 , 0.61 
MPOW.JK,MegaPower Makmur Tbk PT,Indonesia, 0.35 , 0.46 , 0.60 , 0.64 , 0.77 
WSBP.JK,Waskita Beton Precast Tbk PT,Indonesia,,,,,
BGTG.JK,Bank Ganesha Tbk PT,Indonesia, 0.00 , 0.01 , 0.01 , 0.01 , 0.03 
POWR.JK,Cikarang Listrindo Tbk PT,Indonesia, 0.71 , 0.71 , 0.78 , 0.78 , 0.81 
SHIP.JK,Sillo Maritime Perdana Tbk PT,Indonesia, 1.12 , 1.15 , 1.14 , 1.10 , 1.02 
JGLE.JK,Graha Andrasentra Propertindo Tbk PT,Indonesia, 0.15 , 0.09 , 0.09 , 0.24 , 0.23 
DAYA.JK,Duta Intidaya Tbk PT,Indonesia, 4.83 , 8.37 , 7.93 , 4.60 , 2.04 
OASA.JK,Maharaksa Biru Energi Tbk PT,Indonesia, 0.05 , 0.01 , 0.11 ,,
CASA.JK,Capital Financial Indonesia Tbk PT,Indonesia, 0.34 , 0.36 , 0.28 , 0.21 , 0.15 
AGII.JK,Samator Indo Gas Tbk PT,Indonesia, 0.97 , 0.93 , 1.08 , 1.20 , 0.99 
PRDA.JK,Prodia Widyahusada Tbk PT,Indonesia, 0.01 , 0.01 , 0.01 , 0.04 , 0.02 
PBSA.JK,Paramita Bangun Sarana Tbk PT,Indonesia, 0.02 , 0.01 , 0.00 , 0.07 , 0.01 
JKmad.JK,Bursa Efek Indonesia PT,Indonesia,,,,,
BOGA.JK,Bintang Oto Global Tbk PT,Indonesia, 0.61 , 0.53 , 0.56 , 0.56 , 0.16 
PORT.JK,Nusantara Pelabuhan Handal Tbk PT,Indonesia, 1.11 , 0.26 , 0.74 , 0.88 , 1.00 
CARS.JK,Industri Dan Perdagangan Bintraco Dharma Tbk PT,Indonesia, 1.39 , 2.23 , 3.87 , 6.99 , 4.57 
MINA.JK,Sanurhasta Mitra Tbk PT,Indonesia, 0.00 , 0.00 , 0.01 , 0.01 , 0.01 
CLEO.JK,Sariguna Primatirta Tbk PT,Indonesia, 0.23 , 0.35 , 0.32 , 0.17 , 0.29 
TGRA.JK,Terregra Asia Energy Tbk PT,Indonesia, 0.31 , 0.30 , 0.20 , 0.20 , 0.20 
TAMU.JK,Pelayaran Tamarin Samudra Tbk PT,Indonesia, 0.78 , 0.87 , 0.88 , 0.81 , 0.80 
CSIS.JK,Cahayasakti Investindo Sukses Tbk PT,Indonesia, 0.08 , 0.08 , 0.04 , 0.07 , 0.10 
AVIA.JK,Avia Avian PT Tbk,Indonesia, 0.01 , 0.00 , 0.01 , 0.01 , 0.02 
HRTA.JK,Hartadinata Abadi Tbk PT,Indonesia, 1.46 , 1.42 , 1.19 , 1.25 , 1.04 
TOPS.JK,Totalindo Eka Persada Tbk PT,Indonesia, 0.98 , 1.18 , 1.06 , 1.06 , 0.81 
FIRE.JK,Alfa Energi Investama Tbk PT,Indonesia, 0.01 , 0.21 , 0.17 , 0.17 , 0.25 
NASA.JK,Andalan Perkasa Abadi Tbk PT,Indonesia, -   , -   , 0.01 , 0.04 , 0.04 
MARK.JK,Mark Dynamics Indonesia Tbk PT,Indonesia, 0.04 , 0.07 , 0.14 , 0.18 , 0.40 
KMTR.JK,Kirana Megatara Tbk PT,Indonesia, 1.58 , 1.30 , 1.34 , 1.63 , 1.32 
WOOD.JK,Integra Indocabinet Tbk PT,Indonesia, 0.64 , 0.71 , 0.79 , 0.73 , 0.78 
MAPB.JK,Map Boga Adiperkasa Tbk PT,Indonesia, 0.33 , 0.31 , 0.36 , 0.43 , 0.53 
ARMY.JK,Armidian Karyatama Tbk PT,Indonesia, 0.13 , 0.16 , 0.11 , 0.13 , 0.50 
HOKI.JK,Buyung Poetra Sembada Tbk PT,Indonesia, 0.63 , 0.44 , 0.16 , 0.44 , 0.33 
MABA.JK,Marga Abhinaya Abadi Tbk PT,Indonesia, 4.87 , 2.58 , 1.70 , 2.75 , 3.66 
WEGE.JK,Wijaya Karya Bangunan Gedung Tbk PT,Indonesia, 0.18 , 0.09 , 0.24 , 0.22 , 0.23 
IPCM.JK,Jasa Armada Indonesia Tbk PT,Indonesia, 0.07 , 0.03 , 0.01 , 0.03 , 0.05 
MDKI.JK,Emdeki Utama Tbk PT,Indonesia, 0.01 , 0.02 , 0.01 , 0.01 , 0.00 
KIOS.JK,Kioson Komersial Indonesia Tbk PT,Indonesia,, -   , -   , -   , 2.75 
BELL.JK,Trisula Textile Industries Tbk PT,Indonesia, 0.65 , 0.59 , 0.59 , 0.59 , 0.77 
MTWI.JK,Malacca Trust Wuwungan Insurance Tbk PT,Indonesia, 0.01 , 0.02 , 0.00 , 0.01 , 0.02 
MCAS.JK,M Cash Integrasi Tbk PT,Indonesia, 0.14 , 0.20 , 0.18 , 0.17 , 0.13 
PPRE.JK,PP Presisi Tbk PT,Indonesia, 0.55 , 0.65 , 0.76 , 0.76 , 0.69 
ZINC.JK,Kapuas Prima Coal Tbk PT,Indonesia, 2.46 , 2.11 , 1.97 , 1.16 , 0.29 
PBID.JK,Panca Budi Idaman Tbk PT,Indonesia, 0.06 , 0.08 , 0.11 , 0.05 , 0.06 
HEAL.JK,Medikaloka Hermina Tbk PT,Indonesia, 0.55 , 0.43 , 0.37 , 0.38 , 0.46 
CAMP.JK,Campina Ice Cream Industry Tbk PT,Indonesia,, -   ,,,
PSSI.JK,IMC Pelita Logistik Tbk PT,Indonesia, 0.12 , 0.11 , 0.07 , 0.25 , 0.38 
DWGL.JK,Dwi Guna Laksana Tbk PT,Indonesia, 0.89 , 1.89 , 2.48 , 1.56 ,
MORA.JK,Mora Telematika Indonesia Tbk PT,Indonesia, 0.78 , 0.92 , 1.08 , 1.73 , 2.51 
JMAS.JK,Asuransi Jiwa Syariah Jasa Mitra Abadi Tbk PT,Indonesia,,,,,
PCAR.JK,Prima Cakrawala Abadi Tbk PT,Indonesia, 0.18 , 0.28 , 0.23 , 0.29 , 0.24 
LCKM.JK,LCK Global Kedaton Tbk PT,Indonesia,,,,, -   
BOSS.JK,Borneo Olah Sarana Sukses Tbk PT,Indonesia,,, 3.30 , 1.13 , 0.15 
JSKY.JK,Sky Energy Indonesia Tbk PT,Indonesia,, 1.46 , 0.69 , 0.76 , 1.55 
BTPS.JK,Bank BTPN Syariah Tbk PT,Indonesia, 0.02 , 0.01 , 0.02 , 0.01 , 0.05 
GOTO.JK,GoTo Gojek Tokopedia PT Tbk,Indonesia, 0.16 , 0.12 , 0.02 , 0.02 , 0.13 
TDPM.JK,Tianrong Chemicals Industry PT Tbk,Indonesia, 4.86 , 1.56 , 0.91 , 0.92 , 0.85 
INPS.JK,Indah Prakasa Sentosa Tbk PT,Indonesia,, 5.67 , 8.79 , 2.69 , 2.38 
HELI.JK,Jaya Trishindo Tbk PT,Indonesia, 1.28 , 1.81 , 2.42 , 0.95 , 1.20 
PRIM.JK,Royal Prima Tbk PT,Indonesia,,, -   , 0.00 , 0.00 
GHON.JK,Gihon Telekomunikasi Indonesia Tbk PT,Indonesia, 0.58 , 0.49 , 0.36 , 0.29 , 0.12 
SPTO.JK,Surya Pertiwi Tbk PT,Indonesia, 0.12 , 0.15 , 0.16 , 0.20 , 0.24 
DFAM.JK,Dafam Property Indonesia Tbk PT,Indonesia, 6.92 , 4.00 , 2.98 , 2.28 , 2.18 
NICK.JK,Charnic Capital Tbk PT,Indonesia,,,,,
MOLI.JK,Madusari Murni Indah Tbk PT,Indonesia, 0.32 , 0.39 , 0.41 , 0.41 , 0.53 
PZZA.JK,Sarimelati Kencana Tbk PT,Indonesia, 0.59 , 0.70 , 0.64 , 0.32 , 0.42 
TRUK.JK,Guna Timur Raya Tbk PT,Indonesia, 0.12 , 0.12 ,, 0.18 , 0.24 
MSIN.JK,MNC Digital Entertainment Tbk PT,Indonesia, 0.03 , 0.05 , 1.77 , 0.12 , 0.35 
TUGU.JK,Asuransi Tugu Pratama Indonesia Tbk PT,Indonesia, 0.06 , 0.03 , 0.02 , 0.02 , 0.02 
TNCA.JK,Trimuda Nuansa Citra Tbk PT,Indonesia, 0.04 , 0.03 , 0.02 , 0.05 , 0.03 
SWAT.JK,Sriwahana Adityakarta Tbk PT,Indonesia, 1.94 , 1.75 , 1.29 , 0.67 , 0.64 
BPTR.JK,Batavia Prosperindo Trans Tbk PT,Indonesia, 2.50 , 1.87 , 3.35 , 2.23 , 1.27 
NFCX.JK,NFC Indonesia Tbk PT,Indonesia, 0.48 , 0.39 , 0.14 , 0.16 , 0.09 
MAPA.JK,MAP Aktif Adiperkasa Tbk PT,Indonesia, 0.37 , 0.42 , 0.29 , 0.24 , 0.41 
IPCC.JK,Indonesia Kendaraan Terminal Tbk PT,Indonesia, 0.34 , 0.33 , 0.69 , 0.69 , 0.68 
MGRO.JK,Mahkota Group Tbk PT,Indonesia, 4.59 , 3.70 , 2.59 , 1.19 , 0.83 
TCPI.JK,Transcoal Pacific Tbk PT,Indonesia, 0.54 , 0.48 , 0.52 , 0.58 , 0.59 
POLL.JK,Pollux Properties Indonesia Tbk PT,Indonesia, 0.27 , 0.44 , 0.62 , 1.37 , 1.24 
RISE.JK,Jaya Sukses Makmur Sentosa Tbk PT,Indonesia, 0.22 , 0.22 , 0.10 , 0.09 , 0.16 
NUSA.JK,Sinergi Megah Internusa Tbk PT,Indonesia, 0.06 , 0.08 ,, -   ,
NETV.JK,MDTV Media Technologies Tbk PT,Indonesia, 0.34 ,,,, 24.72 
FILM.JK,MD Entertainment PT Tbk,Indonesia, 0.37 , 0.00 , 0.00 , 0.00 , 0.00 
DIGI.JK,Arkadia Digital Media Tbk PT,Indonesia,,,, 0.90 , 0.51 
SKRN.JK,Superkrane Mitra Utama Tbk PT,Indonesia, 0.58 , 1.00 , 0.78 , 1.08 , 1.12 
CITY.JK,Natura City Developments Tbk PT,Indonesia, 0.09 , 0.01 ,,,
POLA.JK,Pool Advista Finance Tbk PT,Indonesia,,, -   , 0.00 , 0.01 
SOSS.JK,Shield On Service Tbk PT,Indonesia, 0.22 , 0.33 , 0.38 , 0.48 , 0.71 
DEAL.JK,Dewata Freightinternational Tbk PT,Indonesia,,, 1.96 , 1.00 , 0.91 
ARKA.JK,Arkha Jayanti Persada Tbk PT,Indonesia, 1.86 , 2.01 , 2.35 , 2.61 , 2.72 
FITT.JK,Hotel Fitra International Tbk PT,Indonesia, 0.20 , 0.74 , 0.69 , 0.67 , 0.91 
PURE.JK,Trinitan Metals and Minerals Tbk PT,Indonesia,,, 30.08 , 5.30 , 1.98 
IRRA.JK,Itama Ranoraya PT,Indonesia, 1.21 , 0.52 , 0.33 , 0.16 ,
DMMX.JK,Digital Mediatama Maxima Tbk PT,Indonesia, 0.01 , 0.04 , 0.04 , 0.06 , 0.11 
UCID.JK,Uni-Charm Indonesia Tbk PT,Indonesia, 0.04 , 0.06 , 0.06 , 0.09 , 0.19 
AMOR.JK,Ashmore Asset Management Indonesia Tbk PT,Indonesia, 0.04 , 0.05 , 0.06 , 0.06 , 0.07 
ENZO.JK,Morenzo Abadi Perkasa Tbk PT,Indonesia, 1.04 , 1.02 , 0.66 , 0.53 , 0.69 
AMAN.JK,Makmur Berkah Amanda Tbk PT,Indonesia, 0.33 , 0.21 , 0.23 , 0.17 , 0.16 
ENAK.JK,Champ Resto Indonesia Tbk PT,Indonesia, 2.12 , 2.16 , 1.32 , 5.52 , 3.17 
TAPG.JK,Triputra Agro Persada Tbk PT,Indonesia, 0.10 , 0.10 , 0.22 , 0.42 , 0.63 
BUKA.JK,Bukalapak.com Tbk PT,Indonesia, 0.00 , 0.00 , 0.00 , 0.09 , 0.04 
CMNT.JK,Cemindo Gemilang Tbk PT,Indonesia, 2.80 , 2.40 , 2.74 , 2.46 , 3.47 
SBMA.JK,Surya Biru Murni Acetylene Tbk PT,Indonesia, 0.14 , 0.19 , 0.19 , 0.13 , 0.20 
WMPP.JK,Widodo Makmur Perkasa Tbk PT,Indonesia, 4.03 , 2.19 , 1.38 , 0.61 , 1.34 
NTBK.JK,Nusatama Berkah Tbk PT,Indonesia, 0.09 , 0.12 , 0.11 , 0.50 , 2.23 
SMKM.JK,Sumber Mas Konstruksi Tbk PT,Indonesia,,,,,
WINR.JK,Winner Nusantara Jaya Tbk PT,Indonesia, 0.21 , 0.18 , 0.18 , 0.38 ,
OLIV.JK,Oscar Mitra Sukses Sejahtera Tbk PT,Indonesia, 0.14 , 0.18 , 0.18 , 0.57 , 0.08 
ASHA.JK,Cilacap Samudera Fishing Industry Tbk PT,Indonesia, 0.08 , 0.07 , 0.07 , 0.27 , 0.32 
HILL.JK,PT Hillcon Tbk,Indonesia, 1.64 , 1.27 , 1.38 , 1.48 , 7.99 
RCCC.JK,Utama Radar Cahaya Tbk PT,Indonesia, 1.23 , 0.87 , 0.42 , 0.07 , -   
GULA.JK,Aman Agrindo Tbk PT,Indonesia, 0.47 , 0.47 , 0.32 , 0.43 , 0.32 
AMMS.JK,Agung Menjangan Mas Tbk PT,Indonesia,,,,,
BELI.JK,Global Digital Niaga Tbk PT,Indonesia, 0.23 , 0.25 , 0.05 , 0.55 , 1.81 
KING.JK,Hoffmen Cleanindo PT Tbk,Indonesia, 0.21 , 0.21 , 0.78 , 4.88 ,
PGEO.JK,Pertamina Geothermal Energy PT Tbk,Indonesia, 0.37 , 0.37 , 0.75 , 0.78 , 1.02 
ZATA.JK,Bersama Zatta Jaya Tbk PT,Indonesia, 0.12 , 0.13 , 0.32 , 2.44 , 2.80 
KETR.JK,Ketrosden Triasmitra Tbk PT,Indonesia, 0.29 , 0.73 , 0.68 , 0.87 , 0.54 
PDPP.JK,PT Primadaya Plastisindo Tbk,Indonesia, 0.39 , 0.12 , 0.17 , 0.12 , 0.20 
OMED.JK,Jayamas Medica Industri TBK PT,Indonesia, 0.07 , 0.08 , 0.10 , 0.15 , 0.17 
MKTR.JK,PT Menthobi Karyatama Raya Tbk,Indonesia, 1.28 , 1.15 , 0.65 ,,
CBUT.JK,Citra Borneo Utama Tbk PT,Indonesia, 2.80 , 3.31 , 1.61 , 14.65 ,
KDTN.JK,Puri Sentul Permai Tbk PT,Indonesia, 0.06 , 0.09 , 0.16 , 0.31 , 0.53 
BSBK.JK,PT Wulandari Bangun Laksana Tbk,Indonesia, 0.31 , 0.40 , 0.42 , 0.80 ,
PRAY.JK,Famon Awal Bros Sedaya Tbk PT,Indonesia, 0.46 , 0.44 , 0.33 , 0.49 , 0.39 
COAL.JK,Black Diamond Resources Tbk PT,Indonesia, 0.36 , 0.47 , 0.63 , 0.34 , 1.17 
MEDS.JK,Hetzer Medical Indonesia Tbk PT,Indonesia, 0.09 , 0.12 , 0.15 , 0.35 , 0.01 
CRAB.JK,Toba Surimi Industries Tbk Pt,Indonesia, 0.05 , 0.47 , 0.39 , 1.03 , 1.11 
TOOL.JK,Rohartindo Nusantara Luas Tbk Pt,Indonesia, 0.11 , 0.10 , 0.21 , 0.30 , 1.45 
KLIN.JK,Klinko Karya Imaji PT Tbk,Indonesia, 0.26 , 0.26 , 0.27 , 0.82 , 0.15 
BUAH.JK,Segar Kumala Indonesia Tbk PT,Indonesia, 0.02 , 0.02 , 0.04 , 0.05 , 0.08 
KKES.JK,Kusuma Kemindo Sentosa Tbk PT,Indonesia, 0.11 , 0.17 , 0.04 , 0.99 , 3.23 
ELPI.JK,Pelayaran Nasional Ekalya Purnamasari Tbk PT,Indonesia, 0.13 , 0.17 , 0.05 , 0.11 , 0.14 
EURO.JK,Estee Gold Feet PT Tbk,Indonesia,,,,,
RAFI.JK,Sari Kreasi Boga PT Tbk,Indonesia, 0.20 , 0.14 , 0.01 , 0.23 , 0.19 
JARR.JK,Jhonlin Agro Raya PT Tbk,Indonesia, 1.09 , 1.34 , 1.14 , 1.65 , 24.06 
HATM.JK,Habco Trans Maritima Tbk PT,Indonesia, 0.35 , 0.14 , -   , 0.12 , -   
KRYA.JK,Bangun Karya Perkasa Jaya PT Tbk,Indonesia, 0.24 , 0.46 , 0.25 , 0.76 , 1.11 
AXIO.JK,Tera Data Indonusa Tbk PT,Indonesia, 0.27 , 0.15 , 0.43 , 0.60 , 0.82 
DEWI.JK,PT Dewi SHRI Farmindo Tbk,Indonesia, 0.13 , 0.15 , 0.09 , 0.14 , -   
TRGU.JK,Cerestar Indonesia Tbk PT,Indonesia, 1.80 , 1.75 , 1.60 , 1.41 , 1.87 
ARKO.JK,Arkora Hydro Tbk PT,Indonesia, 1.60 , 1.21 , 1.13 , 2.51 , 3.36 
CHEM.JK,Chemstar Indonesia Tbk PT,Indonesia, 0.24 , 0.18 , 0.08 , 0.72 , 0.96 
SWID.JK,Saraswanti Indoland Development Tbk PT,Indonesia, 0.66 , 0.29 , 0.28 , 0.68 , 0.93 
IBOS.JK,Indo Boga Sukses Tbk PT,Indonesia, 0.06 , 0.07 , 0.06 , 0.12 , 0.03 
MTMH.JK,Murni Sadar Tbk PT,Indonesia, 0.46 , 0.43 , 0.32 , 0.50 , 12.66 
TLDN.JK,Teladan Prima Agro Tbk PT,Indonesia, 0.33 , 0.61 , 0.84 , 1.51 , 2.46 
SICO.JK,Sigma Energy Compressindo Tbk PT,Indonesia, 0.14 , 0.12 , 0.17 , 0.32 , 0.65 
WIRG.JK,Wir Asia Tbk PT,Indonesia, 0.17 , 0.08 , 0.06 , 0.05 , 0.09 
BIKE.JK,Sepeda Bersama Indonesia Tbk PT,Indonesia, 0.02 , 0.09 , 0.08 , 0.26 , 0.10 
STAA.JK,Sumber Tani Agung Resources Tbk PT,Indonesia, 0.26 , 0.30 , 0.38 , 0.69 , 1.16 
NANO.JK,Nanotech Indonesia Global Tbk PT,Indonesia, 0.12 , 0.07 , 0.06 , 0.03 , 0.11 
BAUT.JK,Mitra Angkasa Sejahtera Tbk PT,Indonesia, 0.12 , 0.12 , 0.09 , 0.29 , 1.25 
ASLC.JK,Autopedia Sukses Lestari Tbk PT,Indonesia, 0.02 , 0.02 , 0.01 , 0.31 , 0.06 
SEMA.JK,Semacom Integrated Tbk PT,Indonesia, 0.40 , 0.33 , 0.25 , 0.51 , 0.95 
ADMR.JK,PT Alamtri Minerals Indonesia Tbk,Indonesia, 0.20 , 0.41 , 0.86 , 3.09 , 1.93 
DRMA.JK,Dharma Polimetal Tbk PT,Indonesia, 0.19 , 0.25 , 0.37 , 0.58 , 1.06 
BSML.JK,Bintang Samudera Mandiri Lines Tbk PT,Indonesia, 0.70 , 0.86 , 1.07 , 1.44 , 2.84 
NASI.JK,Wahana Inti Makmur Tbk PT,Indonesia, 0.35 , 0.19 , 0.12 , 0.08 , 0.23 
OBMD.JK,Obm Drilchem Tbk PT,Indonesia, 0.05 , 0.05 , 0.04 , 0.06 , 0.17 
IPPE.JK,Indo Pureco Pratama Tbk PT,Indonesia, 0.03 ,,,,
RMKE.JK,RMK Energy PT Tbk,Indonesia, 0.26 , 0.34 , 0.18 , 0.53 , 0.87 
TAYS.JK,Jaya Swarasa Agung Tbk PT,Indonesia, 3.56 , 1.41 , 1.24 , 1.16 , 6.48 
WGSH.JK,Wira Global Solusi Tbk PT,Indonesia, 0.06 , 0.01 , 0.00 , 0.01 , -   
CMRY.JK,Cisarua Mountain Dairy Tbk PT,Indonesia, 0.00 , -   , 0.01 , 0.01 , 0.07 
ADCP.JK,Adhi Commuter Properti Tbk PT,Indonesia, 0.47 , 0.46 , 0.32 , 0.44 , 0.23 
DEPO.JK,Caturkarda Depo Bangunan Tbk PT,Indonesia, 0.22 , 0.16 , 0.05 , 0.05 , 0.10 
BINO.JK,Perma Plasindo Tbk PT,Indonesia, 0.07 , 0.12 , 0.12 , 0.08 , 0.12 
MTEL.JK,PT Dayamitra Telekomunikasi Tbk,Indonesia, 0.61 , 0.54 , 0.52 , 0.59 , 1.65 
BOBA.JK,Formosa Ingredient Factory Tbk PT,Indonesia, 0.00 , 0.00 , 0.01 , 0.00 , 0.01 
KUAS.JK,Ace Oldfields Tbk,Indonesia, 0.55 , 0.56 , 0.67 , 0.71 , 2.61 
RUNS.JK,Global Sukses Solusi Tbk PT,Indonesia, 0.21 , 0.27 , 0.12 , -   , 0.00 
GTSI.JK,Gts Internasional Tbk PT,Indonesia, 0.36 , 0.39 , 0.46 , 1.17 , 0.82 
RSGK.JK,Kedoya Adyaraya Tbk PT,Indonesia,,, 0.00 , 0.04 , 0.32 
IDEA.JK,IDeA Indonesia Akademi Tbk PT,Indonesia, 0.20 , 0.23 , 0.27 , 0.31 , -   
MCOL.JK,Prima Andalan Mandiri Tbk PT,Indonesia, 0.15 , 0.12 , 0.13 , 0.14 , 0.58 
OILS.JK,Indo Oil Perkasa Tbk PT,Indonesia, 1.03 , 1.09 , 0.64 , 0.51 , 1.27 
GPSO.JK,Geoprima Solusi Tbk PT,Indonesia,,,, -   , 0.00 
HAIS.JK,Hasnur Internasional Shipping Tbk PT,Indonesia, 0.38 , 0.23 , 0.04 , 0.06 , 0.17 
UVCR.JK,Trimegah Karya Pratama Tbk PT,Indonesia, 0.53 , 0.04 , 0.04 , 0.05 , 0.16 
FLMC.JK,Falmaco Nonwoven Industri Tbk PT,Indonesia, 0.08 , 0.03 , 0.07 , 0.57 , 1.56 
NICL.JK,PAM Mineral Tbk PT,Indonesia, 0.00 , 0.01 , 0.00 , 0.01 , 0.00 
BMHS.JK,Bundamedik Tbk PT,Indonesia, 0.54 , 0.62 , 0.52 , 0.37 , 0.77 
MASB.JK,Bank Multiarta Sentosa Tbk PT,Indonesia, 0.00 , 0.00 , 0.00 , 0.00 , 0.01 
IPAC.JK,ERA Graharealty Tbk PT,Indonesia,,,, 0.01 , 0.05 
ARCI.JK,Archi Indonesia Tbk PT,Indonesia, 1.48 , 1.54 , 1.26 , 1.31 , 4.21 
LABA.JK,Green Power Group Tbk PT,Indonesia, 0.20 , 0.05 , 0.06 , 0.07 , 0.73 
TRUE.JK,Triniti Dinamik Tbk PT,Indonesia, 1.15 , 0.95 , 1.01 , 1.12 , 2.47 
MGLV.JK,Panca Anugrah Wisesa Tbk PT,Indonesia, 0.01 , 0.26 , 0.41 , 0.55 , 0.54 
HOPE.JK,Harapan Duta Pertiwi Tbk PT,Indonesia, 0.69 , 0.48 , 0.31 , 0.29 , 1.25 
LUCY.JK,Lima Dua Lima Tiga PT Tbk,Indonesia, 0.57 , 0.80 , 0.45 , 0.25 , 0.82 
FIMP.JK,Fimperkasa Utama Tbk PT,Indonesia, -   , 0.01 , 0.08 , 0.04 , 0.55 
NPGF.JK,Nusa Palapa Gemilang Tbk PT,Indonesia, 0.31 , 0.12 , 0.92 , 0.66 , 1.04 
LFLO.JK,Imago Mulia Persada Tbk PT,Indonesia, 0.25 , 0.02 , 0.00 , 0.01 , 0.04 
SNLK.JK,Sunter Lakeside Hotel Tbk PT,Indonesia, 0.18 , 0.19 , 0.27 , 0.25 , 0.29 
ZYRX.JK,Zyrexindo Mandiri Buana PT Tbk,Indonesia, 0.16 , 0.43 , 0.58 , 0.20 , 0.66 
BEBS.JK,Berkah Beton Sadaya Tbk PT,Indonesia,,, 0.00 , 0.03 , 0.79 
UNIQ.JK,Ulima Nitra Tbk PT,Indonesia, 0.47 , 0.68 , 0.42 , 0.36 , 0.75 
EDGE.JK,Indointernet Tbk PT,Indonesia, 0.66 , 0.37 , 0.04 , 0.01 , 0.00 
UFOE.JK,Damai Sejahtera Abadi Tbk PT,Indonesia, 0.45 , 0.44 , 0.48 , 0.78 , 0.72 
BANK.JK,Bank Aladin Syariah Tbk PT,Indonesia, 0.20 , 0.01 , 0.23 , 0.03 ,
WMUU.JK,Widodo Makmur Unggas Tbk PT,Indonesia, 1.52 , 1.30 , 1.07 , 0.70 , 0.93 
DGNS.JK,Diagnos Laboratorium Utama PT Tbk,Indonesia, 0.40 , 0.32 , 0.10 , 0.07 , 0.03 
DCII.JK,DCI Indonesia Tbk PT,Indonesia, 0.35 , 0.51 , 0.82 , 1.14 , 1.95 
WIFI.JK,Solusi Sinergi Digital Tbk PT,Indonesia, 1.37 , 0.82 , 1.08 , 0.68 , 0.21 
FAPA.JK,FAP Agri Tbk PT,Indonesia, 0.91 , 0.80 , 0.90 , 1.27 , 1.63 
PMMP.JK,Panca Mitra Multiperdana Tbk PT,Indonesia, 2.35 , 2.20 , 2.21 , 2.41 , 3.63 
VICI.JK,Victoria Care Indonesia Tbk PT,Indonesia, 0.13 , 0.08 , 0.18 , 0.19 , 0.36 
ATAP.JK,Trimitra Prawara Goldland Tbk PT,Indonesia, 0.33 , 0.37 , 0.37 , 0.13 , 0.24 
PTDU.JK,Djasa Ubersakti Tbk PT,Indonesia,, 3.17 , 1.92 , 1.63 , 0.80 
PLAN.JK,Planet Properindo Jaya Tbk PT,Indonesia, 0.40 , 0.37 , 0.37 , 0.35 , 0.35 
ROCK.JK,Rockfields Properti Indonesia Tbk PT,Indonesia, 0.11 , 0.13 , 0.09 , 0.11 , 0.14 
HOMI.JK,Grand House Mulia Tbk PT,Indonesia, 0.15 , 0.12 , 0.25 , 0.28 , 0.39 
KMDS.JK,Kurniamitra Duta Sentosa Tbk PT,Indonesia, 0.00 , 0.00 , 0.00 , 0.00 , 0.01 
SOHO.JK,Soho Global Health Tbk PT,Indonesia, 0.01 , 0.01 , 0.01 , 0.01 , 0.01 
SCNP.JK,Selaras Citra Nusantara Perkasa Tbk PT,Indonesia, -   ,, -   , 0.00 , 0.03 
BBSI.JK,Krom Bank Indonesia Tbk PT,Indonesia, 0.00 ,,,,
PURI.JK,Puri Global Sukses Tbk PT,Indonesia, 1.03 , 0.44 , 0.35 , 0.18 , 0.17 
PNGO.JK,Pinago Utama TBK PT,Indonesia, 0.63 , 0.69 , 0.98 , 1.13 , 1.43 
TRJA.JK,Transkon Jaya Tbk PT,Indonesia, 1.04 , 1.62 , 1.29 , 0.86 , 1.01 
SGER.JK,Sumber Global Energy Tbk PT,Indonesia, 0.56 , 0.51 , 0.31 , 0.39 , 0.69 
TOYS.JK,Sunindo Adipersada Tbk PT,Indonesia, 0.41 , 0.37 , 0.38 , 0.36 , 0.95 
PPGL.JK,Prima Globalindo Logistik Tbk PT,Indonesia, 0.47 , 0.17 , 0.12 , 0.11 , 0.22 
PGUN.JK,Pradiksi Gunatama Tbk PT,Indonesia, 0.27 , 0.35 , 0.48 , 0.63 , 1.17 
UANG.JK,Pakuan Tbk PT,Indonesia, 1.35 , 1.63 ,, 13.56 , 1.56 
SOFA.JK,Solusi Environment Asia Tbk PT,Indonesia, 0.01 , 0.07 , 0.05 , 0.10 , 0.21 
EPAC.JK,Megalestari Epack Sentosaraya Tbk PT,Indonesia, 1.10 , 1.19 , 0.85 , 0.64 , 0.62 
TECH.JK,IndoSterling Technomedia Tbk PT,Indonesia,,,,,
CASH.JK,Cashlez Worldwide Indonesia Tbk PT,Indonesia, 0.09 , 0.05 , 0.03 , 0.01 , 0.02 
CBMF.JK,Cahaya Bintang Medan Tbk PT,Indonesia, 0.29 , 0.29 , 0.29 , 0.37 , 0.32 
BHAT.JK,Bhakti Multi Artha Tbk PT,Indonesia, 0.46 , 0.45 , 0.46 , 0.00 , 0.00 
CSMI.JK,Cipta Selera Murni Tbk PT,Indonesia, 1.94 , 1.20 , 1.12 , 1.75 , 1.54 
RONY.JK,PT Aracord Nusantara Group Tbk,Indonesia, -   , 0.37 , 0.37 , 0.06 , 0.05 
SBAT.JK,Sejahtera Bintang Abadi Textile Tbk PT,Indonesia, 1.98 , 1.33 , 2.02 , 2.62 , 1.48 
BBSS.JK,Bumi Benowo Sukses Sejahtera Tbk PT,Indonesia,,,,,
KBAG.JK,Karya Bersama Anugerah Tbk PT,Indonesia, 0.05 , 0.07 , 0.09 , 0.10 , 0.10 
SAMF.JK,Saraswanti Anugerah Makmur PT,Indonesia, 0.49 , 0.57 , 0.74 , 0.62 , 0.41 
CARE.JK,Metro Healthcare Indonesia Tbk PT,Indonesia, 0.31 , 0.31 , 0.10 , 0.06 , 0.04 
BESS.JK,Batulicin Nusantara Maritim Tbk PT,Indonesia, 0.05 , 0.16 , 0.34 , 0.45 , 0.85 
ESTA.JK,Esta Multi Usaha Tbk PT,Indonesia, 0.67 , 0.47 , 0.63 , 0.36 , 0.23 
ASPI.JK,Andalan Sakti Primaindo Tbk PT,Indonesia, 0.25 , 0.26 , 0.20 , 0.30 , 0.33 
AYLS.JK,Agro Yasa Lestari Tbk PT,Indonesia,,,, -   , 0.39 
DADA.JK,Diamond Citra Propertindo Tbk PT,Indonesia, 0.29 , 0.28 , 0.26 , 0.31 , 0.22 
IKAN.JK,Era Mandiri Cemerlang Tbk PT,Indonesia, 0.68 , 0.63 , 0.66 , 0.71 , 0.80 
PTPW.JK,Pratama Widya Tbk PT,Indonesia, 0.05 , 0.05 , 0.04 , 0.05 , 0.08 
TAMA.JK,Lancartama Sejati Tbk PT,Indonesia, 2.95 , 2.59 , 2.16 , 2.39 , 2.36 
PURA.JK,Putra Rajawali Kencana Tbk,Indonesia, 0.22 , 0.16 , 0.15 , 0.08 , 0.09 
DMND.JK,DIAMOND FOOD INDONESIA Tbk PT,Indonesia, 0.00 , 0.00 , 0.04 , 0.01 , 0.02 
TRIN.JK,Perintis Triniti Properti Tbk PT,Indonesia, 1.74 , 1.18 , 1.08 , 0.83 , 0.55 
INDO.JK,Royalindo Investa Wijaya Tbk PT,Indonesia, 0.00 , 0.00 , 0.00 , 0.00 , 0.00 
PGJO.JK,Bahtera Bumi Raya PT Tbk,Indonesia, -   , 0.01 , 0.01 , 0.01 ,
AMAR.JK,Bank Amar Indonesia Tbk PT,Indonesia, 0.00 , 0.00 , 0.00 , 0.01 ,
CSRA.JK,Cisadane Sawit Raya Tbk PT,Indonesia, 0.53 , 0.46 , 0.67 , 0.98 , 1.11 
GLVA.JK,Galva Technologies Tbk PT,Indonesia, 1.01 , 1.00 , 1.16 , 0.83 , 0.92 
PMJS.JK,Putra Mandiri Jembar Tbk PT,Indonesia, 0.02 , 0.03 , 0.02 , 0.01 , 0.09 
IFII.JK,Indonesia Fibreboard Industry Tbk,Indonesia, 0.26 , 0.46 , 0.46 , 0.01 , 0.00 
REAL.JK,Repower Asia Indonesia Tbk PT,Indonesia, -   ,,,,
IFSH.JK,Ifishdeco Tbk PT,Indonesia, 0.11 , 0.19 , 0.18 , 0.15 , 0.19 
AGAR.JK,Asia Sejahtera Mina Tbk PT,Indonesia, 0.76 , 0.63 , 0.76 , 0.54 , 0.49 
PSGO.JK,Palma Serasih Tbk PT,Indonesia, 0.50 , 0.71 , 1.28 , 1.44 , 1.64 
KEJU.JK,Mulia Boga Raya Tbk PT,Indonesia,, -   , 0.00 , 0.02 , 0.10 
TEBE.JK,Dana Brata Luhur Tbk PT,Indonesia, -   , 0.00 , 0.13 , 0.11 , 0.19 
ESIP.JK,Sinergi Inti Plastindo Tbk PT,Indonesia, 0.03 , 0.01 , 0.02 , 0.52 , 0.44 
WOWS.JK,Ginting Jaya Energi Tbk PT,Indonesia, 0.17 , 0.20 , 0.20 , 0.20 , 0.22 
SINI.JK,Singaraja Putra Tbk PT,Indonesia,,, 0.24 , 0.79 , 1.81 
SLIS.JK,Gaya Abadi Sempurna Tbk PT,Indonesia, 0.17 , 0.29 , 0.67 , 0.70 , 0.87 
NZIA.JK,Nusantara Almazia Tbk PT,Indonesia, 0.13 , 0.17 , 0.13 , 0.16 , 0.21 
OPMS.JK,Optima Prima Metal Sinergi Tbk PT,Indonesia, -   , 0.00 ,, -   , 0.00 
GGRP.JK,Gunung Raja Paksi Tbk PT,Indonesia, 0.07 , 0.14 , 0.24 , 0.20 , 0.26 
TFAS.JK,Telefast Indonesia Tbk PT,Indonesia, 0.26 , 0.30 , 0.32 , 0.32 , 0.35 
BAPI.JK,Bhakti Agung Propertindo Tbk PT,Indonesia, 0.35 , 0.35 , 0.35 , 0.35 , 0.35 
KEEN.JK,Kencana Energi Lestari Tbk PT,Indonesia, 0.56 , 0.59 , 0.51 , 0.54 , 0.46 
INOV.JK,Inocycle Technology Group Tbk PT,Indonesia, 1.96 , 2.39 , 1.97 , 1.38 , 1.31 
LIFE.JK,MSIG Life Insurance Indonesia Tbk PT,Indonesia, 0.00 , 0.00 , 0.00 , 0.00 , 0.00 
HDIT.JK,Hensel Davest Indonesia Tbk PT,Indonesia, 0.08 , 0.08 , 0.04 , 0.29 , 0.13 
KOTA.JK,DMS Propertindo Tbk PT,Indonesia, 0.09 , 0.09 , 0.09 , 0.17 , 0.17 
EAST.JK,Eastparc Hotel Tbk PT,Indonesia, 0.01 , 0.01 , 0.02 , 0.01 , 0.03 
ENVY.JK,Envy Technologies Indonesia Tbk PT,Indonesia,,,,, -   
FUJI.JK,Fuji Finance Indonesia Tbk PT,Indonesia,,,,,
SMKL.JK,Satyamitra Kemas Lestari Tbk PT,Indonesia, 0.90 , 0.72 , 0.84 , 0.85 , 0.93 
IPTV.JK,MNC Vision Networks Tbk PT,Indonesia, 0.09 , 0.12 , 0.22 , 0.24 , 0.35 
BLUE.JK,Berkah Prima Perkasa Tbk PT,Indonesia, 0.03 , 0.06 ,, -   , 0.01 
PAMG.JK,Bima Sakti Pertiwi Tbk PT,Indonesia, 0.23 , 0.24 , 0.26 , 0.26 , 0.25 
KAYU.JK,Darmi Bersaudara Tbk PT,Indonesia, 0.10 , 0.10 , 0.10 , 0.18 , 0.19 
ITIC.JK,Indonesian Tobacco Tbk PT,Indonesia, 0.37 , 0.30 , 0.42 , 0.50 , 0.65 
KJEN.JK,Krida Jaringan Nusantara Tbk PT,Indonesia, 0.04 , 0.04 , 0.05 , 0.07 , 0.09 
POLU.JK,Golden Flower Tbk PT,Indonesia, 0.32 , 0.21 , 0.28 , 0.10 , 0.29 
SFAN.JK,Surya Fajar Capital Tbk PT,Indonesia, -   , 0.01 , 0.01 , 0.02 , 0.03 
CCSI.JK,Communication Cable Systems Indonesia Tbk PT,Indonesia, 0.35 , 0.47 , 0.43 , 0.16 , 0.17 
BOLA.JK,Bali Bintang Sejahtera Tbk PT,Indonesia, 0.03 , 0.03 , 0.02 , 0.01 , 0.03 
JAST.JK,Jasnita Telekomindo Tbk PT,Indonesia, 0.38 , 0.34 , 0.32 , 0.58 , 0.51 
POSA.JK,Bliss Properti Indonesia Tbk PT,Indonesia,,,,, 4.92 
HRME.JK,Menteng Heritage Realty Tbk PT,Indonesia, 0.42 , 0.37 , 0.34 , 0.33 , 0.29 
CPRI.JK,Capri Nusa Satu Properti Tbk PT,Indonesia, -   , 0.05 , 0.10 , 0.22 ,
MTPS.JK,Meta Epsi Tbk PT,Indonesia, 0.94 , 0.95 , 0.91 , 0.64 , 0.20 
COCO.JK,PT Wahana Interfood Nusantara Tbk,Indonesia, 2.97 , 2.24 , 1.03 , 0.59 , 0.96 
JAYA.JK,Armada Berjaya Trans Tbk PT,Indonesia, 0.46 , 0.19 , 0.07 , 0.08 , 0.20 
NATO.JK,Surya Permata Andalan Tbk PT,Indonesia, -   ,,,,
CLAY.JK,Citra Putra Realty Tbk PT,Indonesia, 25.28 , 62.72 ,, 10.85 , 3.78 
BEEF.JK,Estika Tata Tiara Tbk PT,Indonesia, 2.98 , 0.01 ,,, 70.81 
POLI.JK,Pollux Hotels Group Tbk PT,Indonesia, 0.69 , 0.45 , 0.23 , 0.27 , 0.31 
FOOD.JK,Sentra Food Indonesia Tbk PT,Indonesia,, 0.05 , 0.64 , 0.61 , 0.49 
PEHA.JK,Phapros Tbk PT,Indonesia, 1.90 , 1.19 , 1.09 , 1.18 , 1.25 
ZONE.JK,Mega Perintis Tbk PT,Indonesia, 0.69 , 0.51 , 0.52 , 0.55 , 0.57 
URBN.JK,Urban Jakarta Propertindo Tbk PT,Indonesia, 0.39 , 0.39 , 0.39 , 0.25 , 0.18 
SOTS.JK,Satria Mega Kencana Tbk PT,Indonesia, 0.30 , 0.31 , 0.30 , 0.31 , 0.32 
LUCK.JK,Sentral Mitra Informatika Tbk PT,Indonesia, 0.13 , 0.12 , 0.14 , 0.04 , 0.02 
DIVA.JK,Distribusi Voucher Nusantara Tbk PT,Indonesia, 0.13 , 0.10 , 0.07 , 0.06 , 0.24 
SATU.JK,Kota Satu Properti Tbk PT,Indonesia, 1.61 , 1.63 , 1.76 , 1.81 , 1.65 
CAKK.JK,Cahayaputra Asa Keramik Tbk PT,Indonesia, 1.32 , 1.05 , 0.48 , 0.37 , 0.26 
YELO.JK,Yelooo Integra Datanet Tbk PT,Indonesia,,,,,
MPRO.JK,Maha Properti Indonesia Tbk PT,Indonesia, 0.28 , 0.27 , 0.25 , 0.24 , 0.23 
DUCK.JK,Jaya Bersama Indo Tbk PT,Indonesia, 0.05 , 0.07 , 0.20 , 0.20 ,
HKMU.JK,HK Metals Utama Tbk PT,Indonesia, 11.68 , 1.27 , 0.71 , 1.23 , 1.17 
GOOD.JK,Garudafood Putra Putri Jaya Tbk PT,Indonesia, 0.50 , 0.49 , 0.69 , 0.74 , 0.80 
SURE.JK,Super Energy Tbk PT,Indonesia, 2.39 , 0.75 , 0.77 , 0.60 , 0.55 
SAPX.JK,Satria Antaran Prima Tbk PT,Indonesia, 0.69 , 0.41 , 0.09 , 0.15 , 0.16 
PANI.JK,Pantai Indah Kapuk Dua Tbk PT,Indonesia, 0.03 , 0.03 , 0.20 , 9.17 , 0.45 
ANDI.JK,Andira Agro Tbk PT,Indonesia, 0.94 , 0.89 , 0.70 , 0.74 , 0.76 
LAND.JK,Trimitra Propertindo Tbk PT,Indonesia, 0.24 , 0.22 , 0.19 , 0.20 , 0.22 
AALI.JK,Astra Agro Lestari Tbk PT,Indonesia, 0.14 , 0.18 , 0.18 , 0.27 , 0.29 
ABDA.JK,Asuransi Bina Dana Arta Tbk PT,Indonesia,,,,,
ABBA.JK,Mahaka Media Tbk PT,Indonesia,,, 3.55 , 0.62 ,
ACES.JK,Aspirasi Hidup Indonesia Tbk PT,Indonesia, 0.15 , 0.15 , 0.13 , 0.16 , 0.17 
ADES.JK,Akasha Wira International Tbk PT,Indonesia, 0.00 , 0.00 , 0.00 , 0.00 , 0.01 
ADHI.JK,Adhi Karya (Persero) Tbk PT,Indonesia, 0.92 , 1.31 , 1.19 , 1.86 , 1.75 
ADMF.JK,Adira Dinamika Multi Finance Tbk PT,Indonesia, 1.56 , 1.46 , 1.06 , 1.24 , 2.12 
ADMG.JK,Polychem Indonesia Tbk PT,Indonesia, 0.00 ,,,,
AGRO.JK,Bank Raya Indonesia Tbk PT,Indonesia, 0.10 , 0.03 , 0.11 , 0.11 , 0.06 
AHAP.JK,Asuransi Harta Aman Pratama Tbk PT,Indonesia, 0.16 , 0.14 , 0.01 , 0.23 , 0.03 
AIMS.JK,Artha Mahiya Investama Tbk PT,Indonesia,,,,,
AISA.JK,FKS Food Sejahtera Tbk PT,Indonesia, 0.25 , 0.24 , 0.40 , 0.25 , 0.28 
AKKU.JK,Anugerah Kagum Karya Utama Tbk PT,Indonesia, 0.17 ,, 0.16 , 0.15 , 0.12 
AKPI.JK,Argha Karya Prima Industry Tbk PT,Indonesia, 0.62 , 0.68 , 0.59 , 0.75 , 0.60 
AKRA.JK,AKR Corporindo Tbk PT,Indonesia, 0.36 , 0.33 , 0.23 , 0.27 , 0.39 
AKSI.JK,MINERAL SUMBERDAYA MANDIRI TBK PT,Indonesia, 0.28 , 0.24 , 0.45 , 0.48 , 0.72 
ALKA.JK,Alakasa Industrindo Tbk PT,Indonesia, 0.00 , 0.00 , 0.00 , 0.00 , 0.00 
ALMI.JK,Alumindo Light Metal Industry Tbk PT,Indonesia, 2.53 , 1.42 , 0.80 , 0.80 ,
AMAG.JK,Asuransi Multi Artha Guna Tbk PT,Indonesia,,,,,
AMFG.JK,Asahimas Flat Glass Tbk PT,Indonesia, 0.29 , 0.43 , 0.65 , 0.87 , 1.33 
ANTM.JK,Aneka Tambang Tbk PT,Indonesia, 0.00 , 0.08 , 0.13 , 0.29 , 0.41 
APIC.JK,PT Pacific Strategic Financial Tbk,Indonesia, 0.65 , 0.63 , 0.38 , 0.35 , 0.52 
APLI.JK,Asiaplast Industries Tbk PT,Indonesia, 0.19 , 0.27 , 0.39 , 0.46 , 0.70 
ARGO.JK,Argo Pantes Tbk PT,Indonesia, 4.99 , 4.45 ,,,
ARNA.JK,Arwana Citramulia Tbk PT,Indonesia, 0.06 , 0.09 , 0.03 , 0.01 , 0.02 
ARTA.JK,Arthavest Tbk PT,Indonesia,,, 0.00 , 0.00 , 0.00 
ARTI.JK,Ratu Prabu Energi Tbk PT,Indonesia,,,,, 23.77 
ASBI.JK,Asuransi Bintang Tbk PT,Indonesia,,,,,
ASDM.JK,Asuransi Dayin Mitra Tbk PT,Indonesia, 0.02 , 0.01 , 0.02 , 0.01 , 0.02 
ASII.JK,Astra International Tbk PT,Indonesia, 0.37 , 0.37 , 0.29 , 0.34 , 0.41 
ASGR.JK,Astra Graphia Tbk PT,Indonesia, 0.01 , 0.02 , 0.02 , 0.03 , 0.03 
ASJT.JK,Asuransi Jasa Tania Tbk PT,Indonesia,, -   , 0.00 ,,
ASRI.JK,ALAM SUTERA REALTY Tbk PT,Indonesia, 0.53 , 0.55 , 0.62 , 0.78 , 0.81 
ASRM.JK,Asuransi Ramayana Tbk PT,Indonesia, 0.23 , 0.02 , 0.02 , 0.12 , 0.10 
AUTO.JK,Astra Otoparts Tbk PT,Indonesia, 0.04 , 0.03 , 0.04 , 0.04 , 0.07 
BABP.JK,Bank MNC Internasional Tbk PT,Indonesia, 0.32 , 0.05 , 0.14 , 0.00 , 0.03 
BACA.JK,Bank Capital Indonesia Tbk PT,Indonesia, -   , 0.07 , 0.15 , 0.33 , 0.42 
BAPA.JK,Bekasi Asri Pemula Tbk PT,Indonesia, 0.02 , 0.02 , 0.02 , 0.02 , 0.03 
BATA.JK,Sepatu Bata Tbk PT,Indonesia,, 1.25 , 0.36 , 0.10 , 0.15 
BAYU.JK,Bayu Buana Tbk PT,Indonesia, -   , -   , 0.00 , 0.00 , 0.00 
BBCA.JK,Bank Central Asia Tbk PT,Indonesia, 0.01 , 0.02 , 0.01 , 0.01 , 0.01 
BBKP.JK,Bank KB Indonesia PT Tbk,Indonesia, 2.95 , 1.09 , 1.30 , 0.65 , 1.36 
BBLD.JK,Buana Finance Tbk PT,Indonesia, 3.59 , 3.04 , 2.40 , 1.77 , 2.32 
BBNI.JK,Bank Negara Indonesia (Persero) Tbk PT,Indonesia, 0.54 , 0.39 , 0.44 , 0.43 , 0.45 
BBRI.JK,Bank Rakyat Indonesia (Persero) Tbk PT,Indonesia, 0.58 , 0.53 , 0.51 , 0.53 , 0.89 
BCAP.JK,MNC Kapital Indonesia Tbk PT,Indonesia, 0.49 , 0.29 , 0.26 , 0.24 , 0.29 
BCIC.JK,Bank JTrust Indonesia Tbk PT,Indonesia, 0.00 , 0.00 , 0.00 , -   , 0.18 
BDMN.JK,Bank Danamon Indonesia Tbk PT,Indonesia, 0.44 , 0.31 , 0.21 , 0.25 , 0.40 
BEKS.JK,Bank Pembangunan Daerah Banten Tbk PT,Indonesia, 0.00 , 0.09 , -   , -   , 0.32 
BFIN.JK,BFI Finance Indonesia Tbk PT,Indonesia, 1.35 , 1.41 , 1.35 , 0.98 , 1.18 
BHIT.JK,MNC Asia Holding Tbk PT,Indonesia, 0.59 , 0.59 , 0.62 , 0.62 , 0.74 
BIMA.JK,Primarindo Asia Infrastructure Tbk PT,Indonesia, 0.60 , 0.47 , 0.47 , 3.29 , 1.00 
BIPP.JK,Bhuwanatala Indah Permai Tbk PT,Indonesia, 0.60 , 0.55 , 0.46 , 0.42 , 0.40 
BISI.JK,BISI International Tbk PT,Indonesia, 0.00 , 0.00 , 0.00 , 0.00 , 0.00 
BKDP.JK,Bukit Darmo Property Tbk PT,Indonesia,,,, -   , 0.29 
BKSL.JK,PT Sentul City Tbk,Indonesia, 0.15 , 0.16 , 0.24 , 0.21 , 0.29 
BKSW.JK,Bank QNB Indonesia Tbk PT,Indonesia, 0.02 , 0.08 , 0.21 , 0.25 , 0.26 
BLTA.JK,Berlian Laju Tanker Tbk PT,Indonesia, 1.18 , 0.70 , 0.67 , 0.89 , 1.04 
BMRI.JK,Bank Mandiri (Persero) Tbk PT,Indonesia, 0.90 , 0.64 , 0.53 , 0.47 , 0.46 
BMSR.JK,Bintang Mitra Semestaraya Tbk PT,Indonesia, 0.40 , 0.34 , 0.27 , 0.93 , 2.24 
BMTR.JK,Global Mediacom Tbk PT,Indonesia, 0.21 , 0.24 , 0.29 , 0.35 , 0.45 
BNBA.JK,Bank Bumi Arta Tbk PT,Indonesia, 0.00 , 0.00 , 0.00 , 0.00 , 0.00 
BNBR.JK,Bakrie & Brothers Tbk PT,Indonesia, 0.32 , 0.82 , 1.34 , 1.72 , 1.48 
BNII.JK,Bank Maybank Indonesia Tbk PT,Indonesia, 1.07 , 0.47 , 0.55 , 0.47 , 0.56 
BNGA.JK,Bank CIMB Niaga Tbk PT,Indonesia, 0.41 , 0.59 , 0.26 , 0.20 , 0.40 
BNLI.JK,Bank Permata Tbk PT,Indonesia, 0.35 , 0.34 , 0.27 , 0.25 , 0.28 
BRAM.JK,Indo Kordsa Tbk PT,Indonesia, 0.03 , 0.04 , 0.04 , 0.10 , 0.09 
BRNA.JK,Berlina Tbk PT,Indonesia, 0.87 , 1.21 , 1.11 , 0.88 , 1.05 
BRPT.JK,Barito Pacific Tbk PT,Indonesia, 1.11 , 1.04 , 1.07 , 0.73 , 0.97 
BSWD.JK,Bank Of India Indonesia Tbk PT,Indonesia, 0.00 , 0.00 , 0.00 , 0.00 , 0.00 
BTEK.JK,Bumi Teknokultura Unggul Tbk PT,Indonesia, 6.40 , 2.30 , 2.17 , 1.41 , 1.30 
BTEL.JK,Bakrie Telecom Tbk PT,Indonesia,,,,,
BTON.JK,Betonjaya Manunggal Tbk PT,Indonesia,, -   , -   , 0.14 ,
BTPN.JK,PT Bank SMBC Indonesia Tbk,Indonesia, 1.02 , 0.84 , 1.23 , 1.08 , 1.18 
BUDI.JK,Budi Starch & Sweetener Tbk PT,Indonesia, 1.05 , 0.83 , 0.87 , 0.82 , 0.91 
BUMI.JK,Bumi Resources Tbk PT,Indonesia, 0.17 , 0.18 , 0.21 , 2.90 , 12.95 
BVIC.JK,Bank Victoria International Tbk PT,Indonesia, 0.74 , 0.53 , 0.36 , 0.89 , 1.21 
CEKA.JK,Wilmar Cahaya Indonesia Tbk PT,Indonesia,,,, -   ,
CENT.JK,Centratama Telekomunikasi Indonesia Tbk PT,Indonesia, 4.83 ,,, 8.06 , 1.53 
CFIN.JK,Clipan Finance Indonesia Tbk PT,Indonesia, 0.71 , 0.73 , 0.49 , 0.41 , 1.24 
CITA.JK,Pt Cita Mineral Investindo Tbk,Indonesia, -   , 0.04 ,, 0.00 , 0.01 
CLPI.JK,Colorpak Indonesia Tbk PT,Indonesia, 0.11 , 0.12 , 0.18 , 0.25 , 0.10 
CMNP.JK,Citra Marga Nusaphala Persada Tbk PT,Indonesia, 0.46 , 0.41 , 0.24 , 0.15 , 0.53 
CMPP.JK,AirAsia Indonesia Tbk PT,Indonesia,,,,,
CNKO.JK,Exploitasi Energi Indonesia Tbk PT,Indonesia,,,,,
CNTB.JK,Century Textile Industry Tbk PT,Indonesia,,,,,
COWL.JK,Cowell Development Tbk PT,Indonesia,, 2.14 , 1.69 , 1.57 , 1.58 
CPIN.JK,Charoen Pokphand Indonesia Tbk PT,Indonesia, 0.28 , 0.35 , 0.35 , 0.25 , 0.19 
CPRO.JK,Central Proteina Prima Tbk PT,Indonesia, 0.48 , 0.63 , 0.74 , 0.79 , 5.08 
CSAP.JK,Catur Sentosa Adiprana Tbk PT,Indonesia, 1.34 , 1.17 , 1.56 , 1.45 , 1.26 
CTBN.JK,Citra Tubindo Tbk PT,Indonesia, 0.00 , 0.01 , 0.01 , 0.02 , 0.02 
CTRA.JK,Ciputra Development Tbk PT,Indonesia, 0.32 , 0.36 , 0.42 , 0.49 , 0.57 
CTTH.JK,Citatah Tbk PT,Indonesia, 1.01 , 0.92 , 1.86 , 1.52 , 1.35 
DART.JK,Duta Anggada Realty Tbk PT,Indonesia, 2.38 , 1.99 , 1.68 , 1.36 , 1.08 
DEFI.JK,Danasupra Erapacific Tbk PT,Indonesia, 0.04 ,,,,
DEWA.JK,Darma Henwa Tbk PT,Indonesia, 0.54 , 0.19 , 0.35 , 0.41 , 0.39 
DGIK.JK,Nusa Konstruksi Enjiniring Tbk PT,Indonesia, 0.17 , 0.07 , 0.02 , 0.03 , 0.09 
DILD.JK,Intiland Development Tbk PT,Indonesia, 0.61 , 0.72 , 0.79 , 0.80 , 0.83 
DKFT.JK,Central Omega Resources Tbk PT,Indonesia, 0.87 , 1.97 , 2.04 , 2.23 , 1.17 
DLTA.JK,Delta Djakarta Tbk PT,Indonesia, 0.01 ,,,,
DNET.JK,Indoritel Makmur Internasional Tbk PT,Indonesia, 0.45 , 0.49 , 0.49 , 0.57 , 0.68 
DOID.JK,PT BUMA Internasional Grup Tbk,Indonesia, 5.18 , 4.37 , 3.70 , 3.50 , 2.16 
DPNS.JK,Duta Pertiwi Nusantara Tbk PT,Indonesia,,,,,
DSFI.JK,Dharma Samudera Fishing Industries Tbk PT,Indonesia, 0.36 , 0.34 , 0.35 , 0.40 , 0.46 
DUTI.JK,Duta Pertiwi Tbk PT,Indonesia, -   , 0.00 , 0.00 , 0.01 , 0.00 
DVLA.JK,Darya-Varia Laboratoria Tbk PT,Indonesia, 0.03 , 0.05 , 0.00 , 0.02 , 0.05 
EKAD.JK,Ekadharma International Tbk PT,Indonesia, 0.02 , 0.02 , 0.03 , 0.05 , 0.04 
ELSA.JK,Elnusa Tbk PT,Indonesia, 0.24 , 0.28 , 0.34 , 0.30 , 0.47 
ELTY.JK,Bakrieland Development Tbk PT,Indonesia, 0.13 , 0.11 , 0.10 , 0.18 , 0.17 
ENRG.JK,Energi Mega Persada Tbk PT,Indonesia, 0.61 , 0.47 , 0.34 , 0.43 , 0.88 
EPMT.JK,Enseval Putera Megatrading Tbk PT,Indonesia, 0.03 , 0.02 , 0.02 , 0.00 , 0.00 
ERTX.JK,Eratex Djaja Tbk PT,Indonesia, 1.51 , 1.61 , 1.79 , 2.09 , 2.06 
ESTI.JK,Ever Shine Tex Tbk PT,Indonesia, 0.83 , 1.08 , 1.27 , 1.20 , 1.68 
ETWA.JK,Eterindo Wahanatama Tbk PT,Indonesia,,,,,
EXCL.JK,XLSMART Telecom Sejahtera Tbk PT,Indonesia, 1.76 , 1.73 , 1.71 , 1.77 , 1.76 
FAST.JK,Fast Food Indonesia Tbk PT,Indonesia, 10.33 , 1.73 , 0.99 , 0.68 , 0.51 
FASW.JK,Fajar Surya Wisesa Tbk PT,Indonesia, 2.25 , 1.46 , 1.21 , 1.24 , 1.15 
FISH.JK,FKS Multi Agro Tbk PT,Indonesia, 0.74 , 0.83 , 0.85 , 1.08 , 0.64 
FMII.JK,Fortune Mate Indonesia Tbk PT,Indonesia, 0.09 , 0.10 , 0.09 , 0.29 , 0.31 
FORU.JK,Fortune Indonesia Tbk PT,Indonesia, 0.07 , 0.01 , 0.06 ,,
FPNI.JK,Lotte Chemical Titan Tbk PT,Indonesia, 0.00 , 0.00 , 0.00 , 0.00 , 0.01 
GDYR.JK,Goodyear Indonesia Tbk PT,Indonesia, 0.03 , 0.17 , 0.28 , 0.21 , 0.56 
GEMA.JK,Gema Grahasarana Tbk PT,Indonesia, 1.04 , 1.02 , 0.98 , 0.96 , 0.91 
GGRM.JK,Gudang Garam Tbk PT,Indonesia, 0.15 , 0.22 , 0.18 , 0.17 , 0.11 
GJTL.JK,Gajah Tunggal Tbk PT,Indonesia, 0.54 , 0.60 , 0.81 , 0.76 , 0.77 
GMTD.JK,Gowa Makassar Tourism Development Tbk PT,Indonesia, -   , -   , 0.07 , 0.04 , 0.12 
GPRA.JK,Perdana Gapura Prima Tbk PT,Indonesia, 0.17 , 0.17 , 0.13 , 0.23 , 0.29 
GSMF.JK,Equity Development Investment Tbk PT,Indonesia, 0.02 , 0.03 , 0.04 , 0.13 , 0.30 
HADE.JK,Himalaya Energi Perkasa Tbk PT,Indonesia,,,,,
HERO.JK,DFI Retail Nusantara Tbk Pt,Indonesia, 1.04 , 1.89 , 4.63 , 4.46 , 0.67 
HEXA.JK,Hexindo Adiperkasa Tbk PT,Indonesia, 0.97 , 0.59 , 0.63 , 0.03 , 0.01 
HITS.JK,Humpuss Intermoda Transportasi Tbk PT,Indonesia, 0.86 , 0.70 , 0.61 , 1.17 , 0.98 
HMSP.JK,Hanjaya Mandala Sampoerna Tbk PT,Indonesia, 0.02 , 0.02 , 0.02 , 0.01 , 0.01 
IATA.JK,PT MNC Energy Investments Tbk,Indonesia, 0.39 , 0.71 , 0.47 , 0.72 , 1.20 
ICON.JK,Pt Island Concepts Indonesia Tbk,Indonesia, 0.06 , 0.07 , 0.04 , 0.02 , 0.03 
IGAR.JK,Champion Pacific Indonesia Tbk PT,Indonesia, 0.00 , -   , -   , -   ,
IIKP.JK,Inti Agri Resources Tbk PT,Indonesia,,,,, -   
IKAI.JK,Intikeramik Alamasri Industri Tbk PT,Indonesia, 0.30 , 0.30 , 0.36 , 0.37 , 0.35 
IKBI.JK,Sumi Indo Kabel Tbk PT,Indonesia, 0.15 , 0.03 , 0.31 , 0.27 , 0.06 
IMAS.JK,Indomobil Sukses Internasional Tbk PT,Indonesia, 2.75 , 2.56 , 2.53 , 2.46 , 2.41 
INAF.JK,Indofarma Tbk PT,Indonesia,,,, 1.36 , 1.06 
INAI.JK,Indal Aluminium Industry Tbk PT,Indonesia, 3.71 , 2.91 , 2.81 , 1.79 , 2.23 
INCF.JK,Indo Komoditi Korpora Tbk PT,Indonesia, 1.81 , 1.93 , 2.09 , 2.62 , 2.28 
INCI.JK,Intanwijaya Internasional Tbk PT,Indonesia, 0.01 , 0.01 , 0.01 , 0.01 , 0.01 
INCO.JK,Vale Indonesia Tbk PT,Indonesia, 0.00 , 0.00 , 0.00 , 0.00 , 0.00 
INDF.JK,Indofood Sukses Makmur Tbk PT,Indonesia, 0.65 , 0.64 , 0.71 , 0.71 , 0.67 
INDR.JK,Indo-Rama Synthetics Tbk PT,Indonesia, 0.30 , 0.28 , 0.28 , 0.32 , 0.49 
INDS.JK,Indospring Tbk PT,Indonesia, 0.06 , 0.11 , 0.16 , 0.11 , 0.01 
INDX.JK,Tanah Laut Tbk PT,Indonesia,,,,,
INKP.JK,Indah Kiat Pulp & Paper Tbk PT,Indonesia, 0.72 , 0.58 , 0.60 , 0.75 , 0.86 
INPC.JK,Bank Artha Graha Internasional Tbk PT,Indonesia, 0.16 , 0.05 , 0.05 , 0.05 , 0.06 
INPP.JK,Indonesian Paradise Property Tbk PT,Indonesia, 0.32 , 0.29 , 0.30 , 0.28 , 0.24 
INRU.JK,Toba Pulp Lestari Tbk PT,Indonesia, 3.74 , 2.89 , 2.24 , 1.86 , 1.66 
INTA.JK,Intraco Penta Tbk PT,Indonesia,,,,,
INTD.JK,Inter Delta Tbk PT,Indonesia,,,, -   , 0.00 
INTP.JK,Indocement Tunggal Prakarsa Tbk PT,Indonesia, 0.11 , 0.13 , 0.05 , 0.01 , 0.02 
ISAT.JK,Indosat Tbk PT,Indonesia, 1.50 , 1.60 , 1.78 , 3.29 , 2.15 
ITMA.JK,Sumber Energi Andalan Tbk PT,Indonesia, 0.07 , 0.04 , 0.04 , 0.06 ,
ITMG.JK,Indo Tambangraya Megah Tbk PT,Indonesia, 0.04 , 0.03 , 0.03 , 0.04 , 0.08 
JECC.JK,Jembo Cable Company Tbk PT,Indonesia, 1.38 , 0.93 , 1.19 , 0.86 , 0.47 
JIHD.JK,Jakarta International Hotels & Development Tbk PT,Indonesia, 0.05 , 0.06 , 0.06 , 0.06 , 0.05 
JKON.JK,Jaya Konstruksi Manggala Pratama Tbk PT,Indonesia, 0.05 , 0.08 , 0.06 , 0.06 , 0.33 
JPFA.JK,Japfa Comfeed Indonesia Tbk PT,Indonesia, 0.65 , 0.91 , 0.94 , 0.78 , 0.69 
JRPT.JK,Jaya Real Property Tbk PT,Indonesia, 0.00 , 0.00 , 0.00 , 0.00 , 0.00 
JSMR.JK,Jasa Marga (Persero) Tbk PT,Indonesia, 1.04 , 1.81 , 2.07 , 2.49 , 2.65 
JSPT.JK,Jakarta Setiabudi Internasional Tbk PT,Indonesia, 0.95 , 1.12 , 1.01 , 0.83 , 0.64 
JTPE.JK,Jasuindo Tiga Perkasa Tbk PT,Indonesia, 0.02 , 0.03 , 0.10 , 0.05 , 0.04 
KAEF.JK,Kimia Farma Tbk PT,Indonesia, 2.11 , 1.62 , 1.01 , 1.36 , 1.09 
KARW.JK,Meratus Jasa Prima Tbk PT,Indonesia,,,,,
KBLM.JK,Kabelindo Murni Tbk PT,Indonesia, -   , -   , 0.05 , 0.15 , 0.11 
KBLV.JK,First Media Tbk PT,Indonesia, 0.02 ,,, 50.64 , 2.09 
KBLI.JK,KMI Wire and Cable Tbk PT,Indonesia, 0.00 , 0.04 , 0.02 , 0.01 , 0.07 
KDSI.JK,Kedawung Setia Industrial Tbk PT,Indonesia, 0.10 , 0.12 , 0.40 , 0.52 , 0.39 
KIAS.JK,Keramika Indonesia Assosiasi Tbk PT,Indonesia, 0.05 , 0.00 , 0.04 , 0.00 , 0.00 
KIJA.JK,Kawasan Industri Jababeka Tbk PT,Indonesia, 0.60 , 0.64 , 0.77 , 0.68 , 0.68 
KICI.JK,Kedaung Indah Can Tbk PT,Indonesia, 0.21 , 0.10 , 0.11 , 0.13 , 0.08 
KKGI.JK,Resource Alam Indonesia Tbk PT,Indonesia, 0.02 , 0.04 , 0.03 , 0.05 , 0.07 
KLBF.JK,Kalbe Farma Tbk PT,Indonesia, 0.02 , 0.03 , 0.05 , 0.03 , 0.06 
KONI.JK,Perdana Bangun Pusaka Tbk PT,Indonesia,,,, -   , 0.50 
KPIG.JK,MNC Tourism Indonesia Pt Tbk,Indonesia, 0.22 , 0.22 , 0.22 , 0.24 , 0.24 
KREN.JK,Quantum Clovera Investama Tbk PT,Indonesia, 0.15 , 0.13 , 0.05 , 0.06 , 0.07 
LAPD.JK,Leyand International Tbk PT,Indonesia, 2.15 , 0.97 ,,,
LCGP.JK,Eureka Prima Jakarta Tbk PT,Indonesia,,,,,
LION.JK,Lion Metal Works Tbk PT,Indonesia, 0.10 , 0.15 , 0.08 , 0.08 , 0.08 
LMAS.JK,Limas Indonesia Makmur Tbk PT,Indonesia,, 1.03 , 1.24 , 1.65 , 1.78 
LMPI.JK,Langgeng Makmur Industri Tbk PT,Indonesia, 1.88 , 1.42 , 1.23 , 1.19 , 1.06 
LMSH.JK,Lionmesh Prima Tbk PT,Indonesia, 0.01 , 0.01 , 0.01 , 0.06 , 0.06 
LPCK.JK,Lippo Cikarang Tbk PT,Indonesia, 0.10 , 0.12 , 0.12 , 0.14 , 0.15 
LPGI.JK,Lippo General Insurance Tbk PT,Indonesia, 0.00 , 0.00 , 0.00 , 0.00 , 0.00 
LPLI.JK,Star Pacific Tbk PT,Indonesia, 0.00 , 0.00 , 0.00 , -   , 0.24 
LPIN.JK,Multi Prima Sejahtera Tbk PT,Indonesia, -   , 0.00 , -   , 0.00 ,
LPKR.JK,Lippo Karawaci Tbk PT,Indonesia, 0.30 , 1.03 , 1.11 , 0.88 , 0.76 
LPPF.JK,Matahari Department Store Tbk PT,Indonesia, 8.73 , 117.14 , 5.06 , 2.78 , 6.64 
LPPS.JK,Lenox Pasifik Investama Tbk PT,Indonesia,,,,,
LSIP.JK,Perusahaan Perkebunan London Sumatra Indonesia Tbk PT,Indonesia, 0.00 , 0.00 , 0.00 , 0.00 , 0.00 
LTLS.JK,Lautan Luas Tbk PT,Indonesia, 0.38 , 0.35 , 0.46 , 0.64 , 0.86 
MAIN.JK,Malindo Feedmill Tbk PT,Indonesia, 0.68 , 1.16 , 1.46 , 1.34 , 1.07 
MAPI.JK,Mitra Adiperkasa Tbk PT,Indonesia, 0.54 , 0.67 , 0.58 , 0.71 , 1.05 
MAYA.JK,Bank Mayapada Internasional Tbk PT,Indonesia, 0.12 , 0.17 , 0.19 , 0.13 , 0.25 
MCOR.JK,Bank China Construction Bank Indonesia Tbk PT,Indonesia, 0.30 , 0.09 , 0.08 , 0.07 , 0.07 
MDLN.JK,Modernland Realty Tbk PT,Indonesia, 1.98 , 1.55 , 1.46 , 1.58 , 1.37 
MDRN.JK,Modern Internasional Tbk PT,Indonesia,,,,,
MEDC.JK,Medco Energi Internasional Tbk PT,Indonesia, 1.52 , 1.74 , 1.91 , 2.61 , 2.51 
MEGA.JK,Bank Mega Tbk PT,Indonesia, 0.80 , 0.71 , 0.74 , 0.55 , 0.60 
MERK.JK,Merck Tbk PT,Indonesia, 0.03 , 0.02 , 0.02 , 0.03 , 0.04 
META.JK,Nusantara Infrastructure Tbk PT,Indonesia, 0.12 , 0.14 , 1.91 , 0.85 , 0.60 
MICE.JK,Multi Indocitra Tbk PT,Indonesia, 0.33 , 0.32 , 0.37 , 0.33 , 0.35 
MITI.JK,Mitra Investindo Tbk PT,Indonesia, 0.01 , 0.02 , 0.04 , 0.01 , -   
MIRA.JK,Mitra International Resources Tbk PT,Indonesia, 0.33 , 0.32 , 0.35 , 0.34 , 0.32 
MLBI.JK,Multi Bintang Indonesia Tbk PT,Indonesia, 0.18 , 0.28 , 0.41 , 0.40 , 0.23 
MLIA.JK,Mulia Industrindo Tbk PT,Indonesia, 0.13 , 0.19 , 0.25 , 0.40 , 0.68 
MLPL.JK,Multipolar Tbk PT,Indonesia, 0.38 , 0.44 , 0.48 , 0.76 , 0.94 
MNCN.JK,Media Nusantara Citra Tbk PT,Indonesia, 0.08 , 0.07 , 0.07 , 0.15 , 0.28 
MPPA.JK,Matahari Putra Prima Tbk PT,Indonesia, 9.90 , 6.41 , 11.28 , 3.68 , 13.00 
MRAT.JK,Mustika Ratu Tbk PT,Indonesia, 0.23 , 0.34 , 0.34 , 0.26 , 0.24 
MREI.JK,Maskapai Reasuransi Indonesia Tbk PT,Indonesia, 0.00 , 0.00 , 0.00 , 0.00 , 0.00 
MTDL.JK,Metrodata Electronics Tbk PT,Indonesia, 0.15 , 0.08 , -   , -   , 0.00 
MTFN.JK,Capitalinc Investment Tbk PT,Indonesia,,,,,
MTSM.JK,Metro Realty Tbk PT,Indonesia,,,,,
MYOH.JK,Samindo Resources Tbk PT,Indonesia, 0.13 , 0.23 , 0.00 , 0.01 , 0.00 
MYTX.JK,Asia Pacific Investama Tbk PT,Indonesia,,,,, 62.95 
MYOR.JK,Mayora Indah Tbk PT,Indonesia, 0.48 , 0.28 , 0.43 , 0.45 , 0.43 
NISP.JK,Bank OCBC NISP Tbk PT,Indonesia, 0.50 , 0.53 , 0.46 , 0.15 , 0.19 
OCAP.JK,Onix Capital Tbk PT,Indonesia,,,,,
OKAS.JK,Ancora Indonesia Resources Tbk PT,Indonesia, 1.00 , 1.77 , 7.52 ,, 35.54 
OMRE.JK,Indonesia Prima Property Tbk PT,Indonesia, 0.01 , 0.02 , 0.02 , 0.03 , 0.03 
PANR.JK,Panorama Sentrawisata Tbk PT,Indonesia, 0.42 , 0.76 , 1.11 , 1.30 , 1.08 
PANS.JK,Panin Sekuritas Tbk PT,Indonesia, 0.03 , 0.08 , 0.04 , 0.02 , 0.11 
PBRX.JK,Pan Brothers Tbk PT,Indonesia,, 0.98 , 1.01 , 1.08 , 1.12 
PEGE.JK,Panca Global Kapital Tbk PT,Indonesia,,,,,
PGAS.JK,Perusahaan Gas Negara Tbk PT,Indonesia, 0.35 , 0.44 , 0.62 , 0.90 , 1.05 
PGLI.JK,Pembangunan Graha Lestari Indah Tbk PT,Indonesia, 0.03 , 0.06 , 0.00 , 0.02 , 0.04 
PICO.JK,Pelangi Indah Canindo Tbk PT,Indonesia, 1.58 , 1.83 , 3.41 , 2.78 , 2.23 
PJAA.JK,Pembangunan Jaya Ancol Tbk PT,Indonesia, 0.52 , 0.58 , 0.78 , 1.16 , 0.63 
PKPK.JK,Paragon Karya Perkasa Tbk PT,Indonesia,,,, -   , 0.04 
PLAS.JK,Polaris Investama Tbk PT,Indonesia, 0.10 , 0.15 , 0.33 , 0.46 , 0.38 
PLIN.JK,Plaza Indonesia Realty Tbk PT,Indonesia, 0.05 , 0.05 , 0.05 , 0.05 , 0.05 
PNBN.JK,Bank Pan Indonesia Tbk PT,Indonesia, 0.73 , 0.50 , 0.24 , 0.33 , 0.44 
PNIN.JK,Paninvest Tbk PT,Indonesia, 0.43 , 0.26 , 0.20 , 0.27 , 0.00 
PNLF.JK,Panin Financial Tbk PT,Indonesia, 0.45 , 0.26 , 0.21 , 0.00 , 0.00 
PNSE.JK,Pudjiadi And Sons Tbk PT,Indonesia, 0.27 , 0.36 , 0.51 , 0.50 , 0.37 
POLY.JK,Asia Pacific Fibers Tbk PT,Indonesia,,,,,
POOL.JK,Pool Advista Indonesia Tbk PT,Indonesia, 0.00 , 0.01 , 0.05 , 0.34 , 0.00 
PSAB.JK,J Resources Asia Pasifik Tbk PT,Indonesia, 0.80 , 0.88 , 0.75 , 0.67 , 1.10 
PSDN.JK,Prasidha Aneka Niaga Tbk PT,Indonesia,,, 12.00 , 9.82 , 4.10 
PSKT.JK,Red Planet Indonesia Tbk PT,Indonesia, 0.03 , 0.04 , 0.05 , 0.06 , 0.06 
PTBA.JK,Bukit Asam Tbk PT,Indonesia, 0.10 , 0.06 , 0.05 , 0.04 , 0.06 
PTRO.JK,Petrosea Tbk PT,Indonesia, 1.59 , 1.06 , 0.39 , 0.52 , 0.87 
PTSN.JK,Sat Nusapersada Tbk PT,Indonesia, 0.18 , 0.24 , 0.28 , 0.39 , 0.30 
PTSP.JK,Pioneerindo Gourmet International Tbk PT,Indonesia, 0.44 , 0.53 , 0.44 , 0.70 , 0.80 
PUDP.JK,Pudjiadi Prestige Tbk PT,Indonesia, 0.01 , 0.00 , 0.00 , 0.53 , 0.50 
PWON.JK,Pakuwon Jati Tbk PT,Indonesia, 0.26 , 0.27 , 0.30 , 0.30 , 0.22 
PYFA.JK,Pyridam Farma Tbk PT,Indonesia, 3.72 , 2.76 , 2.06 , 2.69 , 0.23 
LQ45X.JK,Premier ETF LQ-45,Indonesia,,,,,
RAJA.JK,Rukun Raharja Tbk PT,Indonesia, 0.67 , 0.88 , 0.84 , 0.86 , 0.25 
RALS.JK,Ramayana Lestari Sentosa Tbk PT,Indonesia, 0.14 , 0.13 , 0.16 , 0.15 , 0.16 
RBMS.JK,Ristia Bintang Mahkotasejati Tbk PT,Indonesia, 0.31 , 0.29 , 0.27 , 0.29 , 0.26 
RDTX.JK,Roda Vivatex Tbk PT,Indonesia, -   , 0.00 , 0.00 , 0.00 , 0.00 
RELI.JK,Reliance Sekuritas Indonesia Tbk PT,Indonesia, 0.00 , 0.00 , 0.00 , 0.00 , -   
RICY.JK,Ricky Putra Globalindo Tbk PT,Indonesia,, 6.82 , 5.05 , 3.87 , 3.03 
RIGS.JK,Rig Tenders Indonesia Tbk PT,Indonesia, 0.00 ,,,,
RIMO.JK,Rimo International Lestari Tbk PT,Indonesia, 0.00 , 0.04 , 0.04 , 0.04 ,
RODA.JK,Pikko Land Development Tbk PT,Indonesia, 0.26 , 0.25 , 0.26 , 0.27 , 0.32 
RUIS.JK,Radiant Utama Interinsco Tbk PT,Indonesia, 0.98 , 0.91 , 0.92 , 1.08 , 1.28 
SAFE.JK,Steady Safe Tbk PT,Indonesia,,,,,
SCCO.JK,Supreme Cable Manufacturing & Commerce Tbk PT,Indonesia,,,,, -   
SCMA.JK,Surya Citra Media Tbk PT,Indonesia, 0.00 , 0.00 , 0.03 , 0.08 , 0.34 
SCPI.JK,Organon Pharma Indonesia Tbk PT,Indonesia, 0.00 , 0.01 , 0.01 , 0.01 , 0.42 
SDRA.JK,Bank Woori Saudara Indonesia 1906 Tbk PT,Indonesia, 0.83 , 1.16 , 1.19 , 0.97 , 1.49 
SDPC.JK,Millennium Pharmacon International Tbk PT,Indonesia, 3.00 , 2.56 , 2.19 , 1.93 , 1.68 
SGRO.JK,Prime Agri Resources Tbk PT,Indonesia, 0.47 , 0.52 , 0.59 , 0.70 , 1.06 
SHID.JK,Hotel Sahid Jaya International Tbk PT,Indonesia, 0.58 , 0.59 , 0.61 , 0.58 , 0.53 
SIMA.JK,Siwani Makmur Tbk PT,Indonesia, 3.87 , 1.80 , 0.20 , 0.19 ,
SIPD.JK,Sreeya Sewu Indonesia Tbk PT,Indonesia, 0.85 , 0.90 , 1.74 , 0.98 , 0.93 
SKLT.JK,Sekar Laut Tbk PT,Indonesia, 0.26 , 0.22 , 0.25 , 0.22 , 0.40 
SMAR.JK,Sinar Mas Agro Resources and Technology Tbk PT,Indonesia, 0.97 , 0.84 , 0.95 , 1.37 , 1.44 
SMCB.JK,Solusi Bangun Indonesia Tbk PT,Indonesia, 0.17 , 0.23 , 0.25 , 0.42 , 1.18 
SMDM.JK,Suryamas Dutamakmur Tbk PT,Indonesia, 0.03 , 0.03 , 0.02 , 0.02 , 0.05 
SMDR.JK,Samudera Indonesia Tbk PT,Indonesia, 0.56 , 0.60 , 0.47 , 0.75 , 0.90 
SMGR.JK,Semen Indonesia (Persero) Tbk PT,Indonesia, 0.22 , 0.33 , 0.36 , 0.48 , 0.72 
SMMA.JK,Sinar Mas Multiartha Tbk PT,Indonesia, 0.46 , 0.46 , 0.45 , 0.33 , 0.37 
SMMT.JK,Golden Eagle Energy Tbk PT,Indonesia, 0.00 , -   , -   , 0.19 , 0.40 
SMRA.JK,Summarecon Agung Tbk PT,Indonesia, 0.76 , 0.59 , 0.50 , 0.63 , 1.04 
SMSM.JK,Selamat Sempurna Tbk PT,Indonesia, 0.06 , 0.08 , 0.11 , 0.10 , 0.08 
SONA.JK,Sona Topas Tourism Industry Tbk PT,Indonesia, 0.24 , 0.26 , 0.39 , 0.01 , 0.08 
SPMA.JK,Suparma Tbk PT,Indonesia, 0.25 , 0.27 , 0.34 , 0.35 , 0.32 
SQMI.JK,PT Wilton Makmur Indonesia Tbk,Indonesia, 11.18 , 2.65 , 1.46 , 0.84 ,
SRSN.JK,Indo Acidatama Tbk PT,Indonesia, 0.43 , 0.22 , 0.25 , 0.32 , 0.44 
SSIA.JK,Surya Semesta Internusa Tbk PT,Indonesia, 0.11 , 0.59 , 0.62 , 0.60 , 0.49 
SSTM.JK,Sunson Textile Manufacturer Tbk PT,Indonesia, -   ,, -   , 0.38 , 0.67 
STTP.JK,Siantar Top Tbk PT,Indonesia,, -   , -   , 0.00 , 0.08 
SUGI.JK,Sugih Energy Tbk PT,Indonesia, 0.07 , 0.09 , 0.11 , 0.11 , 0.05 
SULI.JK,SLJ Global Tbk PT,Indonesia, 0.33 , 0.19 , 0.09 ,,
TBLA.JK,Tunas Baru Lampung Tbk PT,Indonesia, 1.75 , 1.60 , 1.56 , 1.50 , 1.65 
TBMS.JK,Tembaga Mulia Semanan Tbk PT,Indonesia, 0.38 , 0.58 , 0.43 , 0.64 , 0.97 
TCID.JK,Mandom Indonesia Tbk PT,Indonesia, 0.01 , 0.01 , 0.00 , 0.01 , 0.01 
TFCO.JK,Tifico Fiber Indonesia Tbk PT,Indonesia, 0.01 , 0.01 , 0.01 , 0.01 , 0.02 
TGKA.JK,Tigaraksa Satria Tbk PT,Indonesia, 0.10 , 0.07 , 0.03 , 0.03 , 0.03 
TINS.JK,Timah Tbk PT,Indonesia, 0.25 , 0.56 , 0.39 , 0.65 , 1.27 
TIRT.JK,Tirta Mahakam Resources Tbk PT,Indonesia,,,,,
TIRA.JK,Tira Austenite Tbk PT,Indonesia, 0.57 , 0.50 , 0.60 , 0.69 , 0.65 
TKIM.JK,Pabrik Kertas Tjiwi Kimia Tbk PT,Indonesia, 0.33 , 0.41 , 0.46 , 0.65 , 0.86 
TLKM.JK,Telkom Indonesia (Persero) Tbk PT,Indonesia, 0.47 , 0.44 , 0.42 , 0.48 , 0.54 
TMPO.JK,Tempo Inti Media Tbk PT,Indonesia, 0.31 , 0.28 , 0.36 , 0.34 , 0.39 
TMAS.JK,PT Temas Tbk,Indonesia, 0.42 , 0.45 , 0.68 , 1.24 , 1.91 
TOTL.JK,Total Bangun Persada Tbk PT,Indonesia,,,, 0.00 , 0.00 
TOTO.JK,Surya Toto Indonesia Tbk PT,Indonesia, 0.09 , 0.10 , 0.11 , 0.14 , 0.20 
TRIL.JK,Triwira Insanlestari Tbk PT,Indonesia, 0.02 , 0.03 , 0.03 , 0.03 , 0.05 
TRIM.JK,Trimegah Sekuritas Indonesia Tbk PT,Indonesia, 1.01 , 0.70 , 0.75 , 0.63 , 0.76 
TRST.JK,Trias Sentosa Tbk PT,Indonesia, 0.71 , 0.75 , 0.75 , 0.56 , 0.54 
TRUS.JK,Trust Finance Indonesia Tbk PT,Indonesia, 0.01 , 0.09 , 0.02 , 0.03 , 0.03 
TSPC.JK,Tempo Scan Pacific Tbk PT,Indonesia, 0.09 , 0.14 , 0.19 , 0.14 , 0.11 
ULTJ.JK,Ultrajaya Milk Industry & Trading Company Tbk PT,Indonesia, 0.01 , 0.00 , 0.10 , 0.30 , 0.64 
UNIC.JK,Unggul Indah Cahaya Tbk PT,Indonesia, 0.02 , 0.02 , 0.01 , 0.02 , 0.02 
UNIT.JK,Nusantara Inti Corpora Tbk PT,Indonesia, 0.68 , 0.70 , 0.73 , 0.75 , 0.87 
UNSP.JK,Bakrie Sumatera Plantations Tbk PT,Indonesia,,,,,
UNTR.JK,United Tractors Tbk PT,Indonesia, 0.21 , 0.22 , 0.03 , 0.13 , 0.20 
UNVR.JK,Unilever Indonesia Tbk PT,Indonesia, 0.92 , 0.22 , 0.32 , 0.63 , 0.81 
VOKS.JK,Voksel Electric Tbk PT,Indonesia, 1.06 , 1.35 , 1.20 , 1.34 , 0.95 
WAPO.JK,Wahana Pronatural Tbk PT,Indonesia, 0.00 , 0.00 , 0.00 , 0.00 ,
WEHA.JK,WEHA Transportasi Indonesia Tbk PT,Indonesia, 0.38 , 0.41 , 0.35 , 0.67 , 0.67 
WICO.JK,Wicaksana Overseas International Tbk PT,Indonesia,, 22.80 , 10.98 , 1.91 , 0.28 
WIKA.JK,Wijaya Karya (Persero) Tbk PT,Indonesia, 2.99 , 3.86 , 1.91 , 1.63 , 1.58 
WOMF.JK,Wahana Ottomitra Multiartha Tbk PT,Indonesia, 2.46 , 2.67 , 2.51 , 2.63 , 3.13 
YPAS.JK,Yanaprima Hastapersada Tbk PT,Indonesia, 0.73 , 0.55 , 0.77 , 0.49 , 0.57 
YULE.JK,Yulie Sekuritas Indonesia Tbk PT,Indonesia, 0.01 , 0.00 , 0.00 ,, -   
ZBRA.JK,Dosni Roha Indonesia Tbk PT,Indonesia, 0.99 , 0.99 , 0.83 ,,
KOPI.JK,Mitra Energi Persada Tbk PT,Indonesia, 1.90 , 1.31 , 0.85 , 0.21 , 0.24 
ABFII.JK,Reksa Dana Abf Indonesia Bond,Indonesia,,,,,
GZCO.JK,PT Gozco Plantations Tbk,Indonesia, 0.32 , 0.40 , 0.31 , 0.47 , 0.62 
KOIN.JK,Kokoh Inti Arebama Tbk PT,Indonesia,,, 5.00 , 0.45 , 0.10 
TPIA.JK,Chandra Asri Pacific PT Tbk,Indonesia, 0.68 , 0.58 , 0.52 , 0.37 , 0.47 
BSDE.JK,Bumi Serpong Damai Tbk PT,Indonesia, 0.31 , 0.29 , 0.31 , 0.33 , 0.50 
INDY.JK,Indika Energy Tbk PT,Indonesia, 0.79 , 0.79 , 0.82 , 1.65 , 1.96 
VRNA.JK,Mizuho Leasing Indonesia Tbk PT,Indonesia, 3.19 , 2.62 , 2.45 , 2.59 , 3.10 
PDES.JK,Destinasi Tirta Nusantara Tbk PT,Indonesia, 1.85 , 2.09 , 4.41 , 5.04 , 1.71 
ADRO.JK,Alamtri Resources Indonesia Tbk PT,Indonesia, 0.11 , 0.19 , 0.24 , 0.36 , 0.38 
HOME.JK,Hotel Mandarine Regency Tbk PT,Indonesia, 0.14 , 0.29 , 0.19 , 0.13 , 0.09 
KBRI.JK,Kertas Basuki Rachmat Indonesia Tbk PT,Indonesia, 4.38 , 2.37 , 1.69 , 1.57 , 0.81 
BYAN.JK,Bayan Resources Tbk PT,Indonesia, 0.15 , 0.20 , -   , -   , 0.46 
TRAM.JK,Trada Alam Minera Tbk PT,Indonesia, 2.20 , 1.24 , 0.39 , 0.98 , 13.22 
AMRT.JK,Sumber Alfaria Trijaya Tbk PT,Indonesia, 0.11 , 0.12 , 0.27 , 0.33 , 0.52 
TRIO.JK,Trikomsel Oke Tbk PT,Indonesia,,,,,
BPFI.JK,Woori Finance Indonesia Tbk PT,Indonesia, 0.77 , 0.70 , 0.31 , 0.35 , 0.65 
GTBO.JK,Garda Tujuh Buana Tbk PT,Indonesia, 0.01 , 0.03 ,,,
MKPI.JK,Metropolitan Kentjana Tbk PT,Indonesia, 0.00 , -   , 0.05 , 0.15 , 0.16 
BWPT.JK,Eagle High Plantations Tbk PT,Indonesia, 1.81 , 2.33 , 3.44 , 3.52 , 2.14 
DSSA.JK,Dian Swastatika Sentosa Tbk PT,Indonesia, 0.63 , 0.47 , 0.53 , 0.36 , 0.46 
BCIP.JK,Bumi Citra Permai Tbk PT,Indonesia, 0.04 , 0.05 , 0.00 , 0.00 , 0.20 
NIKL.JK,Pelat Timah Nusantara Tbk PT,Indonesia, 1.13 , 1.05 , 1.60 , 1.32 , 1.14 
BBTN.JK,Bank Tabungan Negara (Persero) Tbk PT,Indonesia, 1.50 , 1.68 , 1.65 , 2.02 , 2.49 
GDST.JK,Gunawan Dianjaya Steel Tbk PT,Indonesia, 0.79 , 0.44 , 0.37 , 0.24 , 0.20 
EMTK.JK,Elang Mahkota Teknologi Tbk PT,Indonesia, 0.03 , 0.03 , 0.03 , 0.02 , 0.25 
PTPP.JK,Pembangunan Perumahan (Persero) Tbk PT,Indonesia, 1.44 , 1.30 , 1.39 , 1.37 , 1.33 
BIPI.JK,Pt Astrindo Nusantara Infrastruktur Tbk,Indonesia, 1.16 , 1.30 , 0.71 , 0.83 , 0.99 
TOWR.JK,Sarana Menara Nusantara Tbk PT,Indonesia, 2.73 , 2.72 , 3.12 , 3.90 , 1.98 
NINE.JK,Techno9 Indonesia PT Tbk,Indonesia, 0.05 , 0.04 , 0.05 , 0.15 , 8.49 
MMIX.JK,Multi Medika Internasional Tbk PT,Indonesia, 1.07 , 0.72 , 0.00 , 0.02 , -   
ISAP.JK,Isra Presisi Indonesia PT Tbk,Indonesia, 0.03 , 0.04 , 0.05 , 3.14 , 3.01 
PADA.JK,Personel Alih Daya Tbk PT,Indonesia, 0.58 , 0.71 , 0.85 , 1.08 , 0.93 
VTNY.JK,Venteny Fortuna International Tbk PT,Indonesia, 1.39 , 1.25 , 0.84 , 6.07 ,
SOUL.JK,Mitra Tirta Buwana PT Tbk,Indonesia, 0.06 , 0.05 , -   , 3.28 ,
ELIT.JK,Data Sinergitama Jaya Tbk PT,Indonesia, 0.12 , 0.21 , 0.13 , 0.62 , 1.81 
BEER.JK,Jobubu Jarum Minahasa PT Tbk,Indonesia, 0.06 , 0.04 , 0.19 , 0.08 , 0.38 
CBRE.JK,Cakra Buana Resources Energi PT Tbk,Indonesia, 1.40 , 1.07 , 0.35 , 0.24 ,
CBPE.JK,PT Citra Buana Prasida Tbk,Indonesia, 0.07 , 0.13 , 0.26 , 0.37 , 0.56 
SUNI.JK,Sunindo Pratama PT Tbk,Indonesia, 0.14 , 0.12 , 0.02 , 0.03 , 0.04 
WINE.JK,PT Hatten Bali PT Tbk,Indonesia, 0.35 , 0.31 , 0.88 , 1.01 , 0.75 
BMBL.JK,Lavender Bina Cendikia PT Tbk,Indonesia, 0.03 , 0.02 , 0.06 , 0.23 , 0.65 
PEVE.JK,Penta Valent Tbk PT,Indonesia, 0.64 , 0.34 , 0.41 , 0.26 , 0.21 
LAJU.JK,PT Jasa Berdikari Logistics Tbk,Indonesia, 0.74 , 0.36 , 1.04 , 1.34 , 2.06 
FWCT.JK,Wijaya Cahaya Timber Tbk PT,Indonesia, 0.50 , 0.54 , 0.79 , 0.27 , 0.54 
IRSX.JK,Aviana Sinar Abadi PT Tbk,Indonesia, 0.00 , 0.00 , -   , 0.02 , 0.04 
NAYZ.JK,Hassana Boga Sejahtera PT Tbk,Indonesia, 0.01 , 0.01 , 0.16 , 0.04 , 1.04 
CHIP.JK,Pelita Teknologi Global PT Tbk,Indonesia, 0.20 , 0.22 , 1.18 , 1.52 ,
HALO.JK,Haloni Jane Tbk PT,Indonesia, 0.00 , 0.10 , 1.44 ,,
VAST.JK,Vastland Indonesia PT Tbk,Indonesia, 0.25 , 0.20 , 0.11 , 0.14 , 0.74 
PACK.JK,Abadi Nusantara Hijau Investama Tbk PT,Indonesia, 0.05 , 0.18 , 2.68 , 6.46 ,
FUTR.JK,PT Futura Energi Global Tbk,Indonesia, 0.06 , 0.00 , 0.02 , -   ,
PTMP.JK,Mitra Pack PT Tbk,Indonesia, 0.23 , 0.29 , 0.45 , 0.21 , 0.41 
BDKR.JK,Berdikari Pondasi Perkasa Tbk PT,Indonesia, 0.44 , 0.42 , 0.39 , 0.46 , 0.41 
CUAN.JK,PT Petrindo Jaya Kreasi Tbk,Indonesia, 1.44 , 0.61 , -   , 0.19 , 0.52 
SAGE.JK,PT Saptausaha Gemilangindah Tbk,Indonesia, 0.08 , 0.05 , 0.07 , 0.11 , 0.07 
TRON.JK,Teknologi Karya Digital Nusa PT Tbk,Indonesia, 0.20 , 0.11 , 0.08 , 0.05 , 0.39 
NSSS.JK,PT Nusantara Sawit Sejahtera Tbk,Indonesia, 1.46 , 1.98 , 3.34 , 3.85 , 7.10 
GTRA.JK,Grahaprima Suksesmandiri Tbk PT,Indonesia, 1.79 , 2.15 , 2.33 , 3.09 , 7.08 
HAJJ.JK,Arsy Buana Travelindo Tbk PT,Indonesia, 0.68 , 0.11 , 0.04 , 0.00 , -   
PIPA.JK,PT Multi Makmur Lemindo Tbk,Indonesia, 0.13 , 0.18 , 0.63 , 48.28 ,
NCKL.JK,PT Trimegah Bangun Persada Tbk,Indonesia, 0.30 , 0.30 , 0.68 , 0.69 , 0.97 
AWAN.JK,PT Era Digital Media Tbk,Indonesia, 0.01 , 0.01 , 0.11 , 0.14 , 0.44 
MENN.JK,Menn Teknologi Indonesia Tbk PT,Indonesia, -   , 0.01 , 0.05 ,,
MBMA.JK,Merdeka Battery Materials Tbk PT,Indonesia, 0.29 , 0.21 , 0.39 , -   , -   
TYRE.JK,King Tire Indonesia Tbk PT,Indonesia, 0.57 , 0.39 , 0.64 , 0.72 , 0.41 
DOOH.JK,Era Media Sejahtera Tbk PT,Indonesia, -   , 0.00 , 0.01 ,,
RAAM.JK,Tripar Multivision Plus Tbk PT,Indonesia, 0.22 , 0.10 , 0.16 , 0.27 , 0.26 
JATI.JK,Informasi Teknologi Indonesia Tbk PT,Indonesia, 0.12 , 0.16 , 0.08 , 0.18 , 0.02 
MPXL.JK,MPX Logistics International Tbk PT,Indonesia, 0.99 , 0.56 , 0.26 , 0.41 , 1.67 
SMIL.JK,Sarana Mitra Luas Tbk PT,Indonesia, 0.44 , 0.21 , 0.39 , 0.35 , 0.54 
MAXI.JK,Maxindo Karya Anugerah Tbk PT,Indonesia, 0.65 , 0.22 , 0.35 , 0.52 , 0.73 
KLAS.JK,Pelayaran Kurnia Lautan Semesta Tbk PT,Indonesia, 0.53 , 0.53 , 0.91 , 1.81 , 2.19 
VKTR.JK,VKTR Teknologi Mobilitas Tbk PT,Indonesia, 0.11 , 0.04 , 0.69 , 0.36 , 0.57 
RELF.JK,Graha Mitra Asia Tbk PT,Indonesia, 0.14 , 0.14 , 0.14 , 0.13 ,
AMMN.JK,Amman Mineral Internasional Tbk PT,Indonesia, 0.82 , 0.69 , 0.50 , 0.74 , 0.87 
TGUK.JK,Platinum Wahab Nusantara Tbk PT,Indonesia, 0.10 , 0.03 , 0.03 , -   , -   
GRPM.JK,Graha Prima Mentari Tbk PT,Indonesia, 0.29 ,,,,
WIDI.JK,PT Widiant Jaya Krenindo Tbk,Indonesia, 0.01 , 0.03 , 0.29 , 0.23 ,
CRSN.JK,Carsurin Tbk PT,Indonesia, 0.38 , 0.25 , 0.21 , 0.21 , 0.38 
INET.JK,Sinergi Inti Andalan Prima Tbk PT,Indonesia, 0.01 , 0.01 , 0.01 , 0.22 , 0.26 
MAHA.JK,Mandiri Herindo Adiperkasa Tbk PT,Indonesia, 0.20 , 0.22 , 0.13 , 0.10 , 0.08 
CNMA.JK,Nusantara Sejahtera Raya Tbk PT,Indonesia, 0.36 , 0.34 , 1.25 , 0.42 , 0.33 
RMKO.JK,PT Royaltama Mulia Kontraktorindo Tbk,Indonesia, 0.85 , 1.06 , 0.58 , 0.28 , -   
HBAT.JK,Minahasa Membangun Hebat Tbk PT,Indonesia, 0.04 , 0.00 , 0.02 , 0.52 ,
PPRI.JK,Paperocks Indonesia Tbk PT,Indonesia, 0.06 , 0.08 , 0.19 , 0.48 , 0.80 
FOLK.JK,Multi Garam Utama Tbk PT,Indonesia, 0.01 , 0.01 , 0.02 , 0.24 , 0.08 
CYBR.JK,PT ITSEC Asia Tbk,Indonesia, 0.44 , 0.25 ,,,
LMAX.JK,Lupromax Pelumas Indonesia Tbk PT,Indonesia, 0.16 , 0.17 , 0.64 , 0.61 ,
HUMI.JK,Humpuss Maritim Internasional Tbk PT,Indonesia, 0.53 , 0.44 , 0.27 , 0.89 , 0.87 
MUTU.JK,Mutuagung Lestari Tbk PT,Indonesia, 0.21 , 0.20 , 0.65 , 0.43 , 0.71 
GRIA.JK,PT Ingria Pratama Capitalindo Tbk,Indonesia, 0.15 , 0.18 , 1.68 , 2.54 , 4.16 
ERAL.JK,Sinar Eka Selaras PT,Indonesia, 0.13 , 0.07 , 0.10 , 0.05 , 0.70 
MSIE.JK,Pt Multisarana Intan Eduka Tbk,Indonesia, 0.07 , 0.08 , -   , 0.06 ,
RSCH.JK,Charlie Hospital Semarang Tbk PT,Indonesia, 0.27 , -   , 1.31 , 0.77 , 0.30 
BABY.JK,Multitrend Indo Tbk PT,Indonesia, 0.36 , 0.25 , 0.33 , 7.65 , 3.56 
AEGS.JK,Anugerah Spareparts Sejahtera PT Tbk,Indonesia, 0.04 , 0.04 , 0.20 , 0.02 ,
KOCI.JK,Kokoh Exa Nusantara Tbk PT,Indonesia, 0.03 , 0.01 , 0.05 , 0.14 , 1.06 
IOTF.JK,Sumber Sinergi Makmur PT Tbk,Indonesia, 0.13 , 0.11 , 4.90 , 1.60 , 0.82 
STRK.JK,Lovina Beach Brewery Tbk PT,Indonesia, 0.03 , 0.03 ,,,
BREN.JK,Barito Renewables Energy PT Tbk,Indonesia, 2.87 , 3.06 , 4.76 , 1.61 , 1.92 
PTPS.JK,Pulau Subur Tbk PT,Indonesia, 0.01 , 0.01 , 0.07 , 0.08 , 0.12 
LOPI.JK,Logisticsplus International Tbk PT,Indonesia, 0.18 , 0.09 , 0.55 , 1.52 ,
KOKA.JK,Koka Indonesia Tbk PT,Indonesia, 0.02 , 0.01 , 0.08 , 0.11 , 0.20 
UDNG.JK,Agro Bahari Nusantara Tbk PT,Indonesia, 0.02 , 0.00 , -   , -   ,
MSTI.JK,PT Mastersystem Infotama Tbk,Indonesia, 0.05 , 0.11 , 0.10 , 0.21 , 0.15 
IKPM.JK,Ikapharmindo Putramas Tbk PT,Indonesia, 0.69 , 0.61 , 0.82 , 0.71 , 0.95 
RGAS.JK,Kian Santang Muliatama PT Tbk,Indonesia, 0.22 ,,,,
AYAM.JK,JANU PUTRA SEJAHTERA Tbk PT,Indonesia, 0.23 , 0.13 , 0.14 , 0.19 , 3.91 
SURI.JK,Maja Agung Latexindo PT Tbk,Indonesia, 0.00 , -   , -   , 0.08 , 0.31 
ASLI.JK,Asri Karya Lestari Tbk PT,Indonesia, 0.09 , 0.11 , 0.08 , 0.37 , 0.69 
SMLE.JK,Sinergi Multi Lestarindo PT Tbk,Indonesia, 0.65 , 0.96 , 1.37 , 2.11 , 5.55 
MSJA.JK,Multi Spunindo Jaya Tbk PT,Indonesia, 0.17 , 0.38 , 0.28 , 0.35 , 0.36 
CGAS.JK,Citra Nusantara Gemilang Tbk PT,Indonesia, 0.08 , 0.43 , 0.55 , 0.36 , 0.23 
MANG.JK,Manggung Polahraya PT Tbk,Indonesia, 0.20 , 0.31 , 0.39 , 0.29 ,
NICE.JK,Adhi Kartiko Pratama Tbk PT,Indonesia, 0.30 , 0.06 , 0.11 , 0.02 , 0.44 
ACRO.JK,Samcro Hyosung Adilestari PT Tbk,Indonesia, 0.24 , 0.80 , 0.54 , 0.52 , 1.57 
GRPH.JK,Griptha Putra Persada Tbk PT,Indonesia, 0.22 , 0.27 ,,,
SMGA.JK,Sumber Mineral Global Abadi Tbk PT,Indonesia, 0.08 , 0.16 , 0.15 , -   , -   
UNTD.JK,Terang Dunia Internusa Tbk PT,Indonesia, 0.86 , 2.52 , 2.83 , 2.84 ,
ALII.JK,Ancara Logistics Indonesia PT Tbk,Indonesia, 0.25 , 1.75 , 2.83 , 4.93 , 121.84 
MEJA.JK,Pt Harta Djaya Karya Tbk,Indonesia, 0.16 , 0.34 , 1.22 , 1.29 ,
MPIX.JK,Mitra Pedagang Indonesia PT Tbk,Indonesia, 0.02 , 0.04 , 0.09 , 0.35 , 29.08 
TOSK.JK,Topindo Solusi Komunika Tbk PT,Indonesia, 0.23 , 0.50 , 1.96 , -   , -   
MKAP.JK,Multikarya Asia Pasifik Raya Tbk PT,Indonesia, 0.67 , 0.54 , 0.57 , 0.67 , 0.81 
LIVE.JK,Homeco Victoria Makmur PT Tbk,Indonesia, 0.54 , 0.72 , 0.74 , 0.86 , 0.73 
BAIK.JK,Bersama Mencapai Puncak Tbk PT,Indonesia, 0.01 , 0.00 ,,,
HYGN.JK,Ecocare Indo Pasifik PT Tbk,Indonesia, 0.10 , 0.35 , 0.19 , 0.20 , 0.15 
VISI.JK,Satu Visi Putra Tbk PT,Indonesia, 0.40 , 0.45 , 0.48 , 0.63 , 3.69 
AREA.JK,Dunia Virtual Online Tbk PT,Indonesia, 0.21 , 0.31 , -   , -   , -   
ATLA.JK,Atlantis Subsea Indonesia Tbk PT,Indonesia, 0.02 , 0.01 , 0.10 , 0.19 , 0.38 
MHKI.JK,Multi Hanna Kreasindo Tbk PT,Indonesia, 0.01 , 0.01 , 0.01 , 0.01 , 0.46 
DATA.JK,Remala Abadi Tbk PT,Indonesia, 0.13 , 0.25 , 0.02 , 0.22 , 0.60 
SOLA.JK,Xolare RCR Energy PT Tbk,Indonesia, 0.17 , 0.12 , 0.24 , 0.33 , 0.03 
BATR.JK,Benteng Api Technic PT Tbk,Indonesia, 0.28 , 0.25 , 0.37 , 0.49 , 0.38 
SPRE.JK,Soraya Berjaya Indonesia Tbk PT,Indonesia, 0.05 , 0.15 , 0.87 ,,
PART.JK,Pt Cipta Perdana Lancar Tbk,Indonesia, 0.76 , 1.91 , 1.99 , 0.85 ,
BLES.JK,Superior Prima Sukses PT Tbk,Indonesia, 0.44 , 0.64 , 1.21 , 1.05 ,
GUNA.JK,Gunanusa Eramandiri Tbk PT,Indonesia, 0.10 , 0.03 , 0.10 , 0.10 ,
ISEA.JK,PT Indo American Seafoods Tbk,Indonesia, 1.29 , 1.83 , 1.60 , 1.31 ,
GOLF.JK,Pt Intra Golflink Resorts Tbk,Indonesia, 0.06 , 0.00 , 0.00 , 0.00 ,
LABS.JK,PT UBC Medical Indonesia Tbk,Indonesia, 0.20 , 0.46 , 0.41 , 0.12 ,
DOSS.JK,Global Sukses Digital Tbk PT,Indonesia, 0.06 , 0.07 , 0.20 , 0.47 ,
NEST.JK,Pt Esta Indonesia Tbk,Indonesia, -   , 0.12 , -   , -   ,
VERN.JK,Verona Indah Pictures Pt Tbk,Indonesia, -   , 0.06 , 0.08 , 0.11 ,
PTMR.JK,PT Master Print Tbk,Indonesia, 0.26 , 0.49 , 0.55 , 0.15 ,
DAAZ.JK,Daaz Bara Lestari Tbk PT,Indonesia, 0.99 , 1.13 , 0.23 , 0.59 ,
BOAT.JK,Newport Marine Services PT Tbk,Indonesia, 0.43 , 0.92 , 0.92 , 0.92 ,
NAIK.JK,Adiwarna Anugerah Abadi PT Tbk,Indonesia, 0.10 , 0.56 , 1.23 , 0.86 ,
AADI.JK,PT Adaro Andalan Indonesia Tbk,Indonesia, 0.44 , 0.20 , 0.11 , 0.15 ,
MDIY.JK,Daya Intiguna Yasa Tbk PT,Indonesia, 0.71 , 0.61 , 0.28 , 0.25 ,
RATU.JK,Raharja Energi Cepu Tbk PT,Indonesia, 0.80 , 1.02 , 0.25 , 0.23 ,
HGII.JK,Hero Global Investment Tbk PT,Indonesia, 0.29 , 0.46 , 0.60 , 0.70 ,
YOII.JK,Asuransi Digital Bersama Tbk PT,Indonesia, 0.00 , 0.44 , 0.00 , 0.02 ,
DGWG.JK,Delta Giri Wacana Tbk PT,Indonesia, 1.28 , 1.14 , 1.45 , 0.79 ,
KSIX.JK,Kentanix Supra International Tbk PT,Indonesia, 0.00 ,,,,
CBDK.JK,Bangun Kosambi Sukses Pt Tbk,Indonesia, 0.04 , 0.04 , 0.05 , 9.98 ,
OBAT.JK,Brigit Biofarmaka Teknologi Tbk PT,Indonesia, 0.22 , 0.09 , 0.02 , 0.01 ,
BRRC.JK,Raja Roti Cemerlang Tbk PT,Indonesia, 0.73 , 0.45 , 0.49 , 0.07 ,
KAQI.JK,Jantra Grupo Indonesia PT Tbk,Indonesia, 0.19 , 0.18 , 2.26 , -   ,
MINE.JK,Sinar Terang Mandiri PT Tbk,Indonesia, 0.88 , 0.60 , 1.44 , 5.08 ,
YUPI.JK,Yupi Indo Jelly Gum Tbk PT,Indonesia, 0.04 , 0.09 , 0.16 ,,
MDLA.JK,Medela Potentia Tbk PT,Indonesia, 0.09 , 0.22 , 0.09 ,,
FORE.JK,Fore Kopi Indonesia PT Tbk,Indonesia, 0.86 , 2.03 ,,,
DKHH.JK,Cipta Sarana Medika Tbk PT,Indonesia, 0.88 , 1.12 , 1.83 ,,
ASPR.JK,Asia Pramulia Tbk PT,Indonesia, 1.65 , 1.08 , 1.04 ,,
BLOG.JK,Trimitra Trans Persada Tbk PT,Indonesia, 0.60 , 0.48 , 0.68 ,,
COIN.JK,Indokripto Koin Semesta Tbk PT,Indonesia, 0.17 , 1.36 , -   ,,
PSAT.JK,Pancaran Samudera Transport Tbk PT,Indonesia, 0.17 , 0.04 , 0.01 ,,
CDIA.JK,Chandra Daya Investasi Tbk PT,Indonesia, 0.39 , 0.29 ,,,
CHEK.JK,Diastika Biotekindo Tbk PT,Indonesia, 0.01 , 0.01 , 0.00 ,,
MERI.JK,Merry Riana Edukasi Tbk PT,Indonesia, 0.04 , -   , -   ,,
PMUI.JK,Prima Multi Usaha Indonesia Tbk PT,Indonesia, -   , -   , 0.46 ,,
EMAS.JK,Merdeka Gold Resources PT Tbk,Indonesia, 0.73 , 0.95 , 0.20 ,,
PJHB.JK,Pelayaran Jaya Hidup Baru Tbk PT,Indonesia, 0.01 , 0.01 , 0.04 ,,
RLCO.JK,Abadi Lestari Indonesia PT Tbk,Indonesia, 7.41 , 10.14 , 14.33 ,,
SUPA.JK,Super Bank Indonesia Tbk PT,Indonesia, 0.10 , 0.00 , 0.00 ,,
